VehicleID,Amount (Million Naira)
VHL18518,44.84260018470196
VHL17149,87.47362096473005
VHL10927,53.09498331542383
VHL12909,54.07617225830919
VHL12348,72.2117126773797
VHL10798,50.37660946648068
VHL11022,118.14601776874356
VHL12206,46.60033897368885
VHL11697,50.03159826853002
VHL12313,38.29461371523768
VHL13411,46.317030413130645
VHL14334,52.39504754674676
VHL14302,60.53750392094279
VHL13979,57.193876284753195
VHL12272,43.74912598573809
VHL15071,44.01533147375978
VHL19166,43.560099864146316
VHL10471,46.73541950944942
VHL18431,56.427011966395526
VHL12325,42.93567904590018
VHL15657,54.70468839648231
VHL13667,42.550464223545106
VHL18913,34.30238090547832
VHL13273,29.814359811935176
VHL16576,65.56933754217052
VHL15506,52.31441087241237
VHL10460,40.770271152094494
VHL16050,75.02771877276896
VHL17918,48.828340010506885
VHL12992,57.632204314754226
VHL10261,44.16137425433204
VHL18348,56.669294835653545
VHL11577,51.06608041310383
VHL16957,54.38458050575161
VHL16165,43.009517472677935
VHL11441,78.37958536267882
VHL19990,43.615164751457485
VHL14072,44.16137425433204
VHL13637,31.150945235538558
VHL10757,42.00214093931171
VHL12657,39.82860230111049
VHL19939,38.78155994797652
VHL12094,76.33064463402268
VHL17177,49.250216871798024
VHL16720,53.85613779060776
VHL11478,60.026629876400825
VHL14386,37.301622984624885
VHL11341,46.60260694807721
VHL18683,44.105754494840085
VHL13430,51.48236526778146
VHL18932,19.568465770763186
VHL17505,63.923074215970225
VHL16272,123.51949360735769
VHL14777,70.90723574927627
VHL13186,83.08073892070918
VHL19383,54.08481503320504
VHL14605,39.78855418522138
VHL11440,47.75328020211477
VHL14303,87.3602450743755
VHL19478,36.555974452627304
VHL17837,37.50276159870168
VHL12824,46.948934946450414
VHL17476,43.51609727557318
VHL18988,66.89724042683132
VHL19482,39.11174781929514
VHL13263,82.89352822028876
VHL17078,46.60260694807721
VHL19170,39.43782306328725
VHL18070,37.59239379794844
VHL18061,49.369710176231344
VHL10726,33.31964699796442
VHL19212,7.0491001942922225
VHL13283,8.733044971864
VHL14023,1.971896496419464
VHL16973,6.37040427859409
VHL19653,9.485545511748517
VHL18605,22.137257828201882
VHL13287,0.1306736978279043
VHL15719,7.3524854518891525
VHL19636,18.97894348481756
VHL11009,9.424460817070134
VHL18087,26.386163796260153
VHL14422,9.873738096393106
VHL15789,4.09070386719947
VHL12369,12.608407853601312
VHL15812,3.785883763320298
VHL18767,3.327107957308243
VHL19271,7.143108416365716
VHL17403,8.247140270091386
VHL12967,5.536622051970478
VHL19998,20.650713380280262
VHL12336,5.17124831679456
VHL10328,12.116502677901229
VHL18908,9.597465399406287
VHL11127,8.022589835756607
VHL12655,13.009669495070414
VHL19086,12.117560413584414
VHL10384,18.891754311119087
VHL15712,3.0856592144397355
VHL11054,2.651907116680488
VHL16505,16.806195886440417
VHL10534,14.026233342730336
VHL14120,15.62758889646706
VHL10206,22.484948874780883
VHL13595,15.377264244634787
VHL15887,16.864499699113747
VHL12672,14.88256877911931
VHL19770,11.319551261131062
VHL13026,7.281675888994987
VHL12635,3.654641026242338
VHL14014,5.159671091858413
VHL19238,11.984227246409297
VHL18156,10.94649884587208
VHL13087,19.55106058735762
VHL13743,16.023662702524046
VHL19323,7.95707300703413
VHL16129,2.111502672642407
VHL17626,4.589140311752197
VHL14525,8.168558465244452
VHL15597,5.180736170171545
VHL19429,11.79107872436345
VHL14074,6.425069224269784
VHL17422,-1.051102986214093
VHL11861,18.465419781319774
VHL19828,13.910030678839576
VHL14000,41.041942546214635
VHL12312,14.851501295660464
VHL16257,16.78663542158788
VHL14859,10.290318478539406
VHL16048,10.97364281639431
VHL14039,8.12245534660266
VHL10296,6.466631075026378
VHL14949,12.750625254336036
VHL17034,27.72441783242306
VHL17149,8.027883912511363
VHL19677,22.14738625466232
VHL14433,5.762102789904795
VHL16582,5.0245794420190455
VHL10059,8.908524265222585
VHL17140,0.09806466675780874
VHL10364,10.627284650419432
VHL16932,20.797514712953973
VHL18587,23.142848784509358
VHL13635,13.56938212300833
VHL18371,26.89455384706645
VHL19622,3.759583634302293
VHL18669,11.235799158155933
VHL17359,11.668400979782698
VHL19788,7.37715255238179
VHL19078,7.248203620230311
VHL12673,6.263242107684403
VHL17895,14.7500400384353
VHL18950,10.13551783520775
VHL13562,6.769032920982142
VHL11306,10.037806927898437
VHL15496,8.422512682732563
VHL11927,3.313232471919058
VHL10392,78.50930225651348
VHL14124,9.067803686789302
VHL12586,18.60034327275955
VHL12895,22.879738507518013
VHL18481,24.60459354415404
VHL11310,4.2790999878269895
VHL15810,1.0634879532781718
VHL16037,0.09783595773392835
VHL19627,25.379675193455473
VHL11152,19.596240109609887
VHL17698,9.864278188292332
VHL19815,4.210306358649824
VHL18192,8.882287383077356
VHL19720,14.927902430778644
VHL11686,17.02660302832247
VHL18649,4.186389209120676
VHL12765,14.12082617469821
VHL10026,14.158505949272133
VHL11001,19.80272531676123
VHL13433,11.706435375703697
VHL17827,17.615077667896266
VHL12344,17.896203935977297
VHL17308,20.561954443989418
VHL18722,22.47671242984409
VHL17199,16.358398346745727
VHL15338,21.970794379247593
VHL16946,2.0183851635323977
VHL11039,6.215860668659054
VHL18017,6.545537035500005
VHL15945,25.39519404258536
VHL14724,24.007318753342346
VHL15314,6.766547823103674
VHL14276,10.383847522263736
VHL17883,7.540395343753931
VHL14385,10.896488551029458
VHL18665,15.687837767301852
VHL15936,14.171838227890328
VHL19518,16.55425438127737
VHL13530,1.0977633501737991
VHL17861,30.866931640929447
VHL10966,10.503733751773495
VHL11652,1.9234483118682209
VHL16641,10.402194134217618
VHL12017,13.181077972918905
VHL14856,16.04972661621576
VHL16801,4.406815620907711
VHL16814,26.51241049278265
VHL13748,6.8133716064117635
VHL13104,25.30050049198012
VHL10022,24.544249788202166
VHL14787,9.626934804676965
VHL19015,19.6281528410638
VHL11089,8.92625176228116
VHL13873,28.925548497910953
VHL15486,9.19378936461805
VHL13253,8.406283989671344
VHL15232,5.312412313943642
VHL18914,23.453970326076444
VHL14922,3.6531099883066918
VHL14541,18.900436116499545
VHL15820,27.497687456807625
VHL10710,6.372686189730971
VHL11752,4.828482706377464
VHL13868,21.710825639156138
VHL17442,12.051357258981218
VHL14571,4.3906530115487685
VHL17155,3.7589119021414183
VHL11093,15.861252663817831
VHL18280,5.46833477367061
VHL18425,5.917147743832545
VHL10175,24.24531340178682
VHL15307,12.943936775747494
VHL18062,4.843513030296064
VHL18972,10.082274166290302
VHL11185,4.903021345832871
VHL10343,6.052934782299438
VHL10450,10.413241172133203
VHL19621,6.8953936005168
VHL14502,11.934517977470344
VHL12768,8.0423820203247
VHL19922,6.867853419922124
VHL10824,5.916354424584728
VHL16646,6.015988105695516
VHL15462,14.157256288462733
VHL15801,10.876418192149288
VHL10322,7.905747209414496
VHL15613,11.120177247116999
VHL17756,11.683055291224763
VHL16186,4.414719522192873
VHL19061,16.909848041107384
VHL13446,3.055853853301762
VHL10599,21.810171883124855
VHL18255,9.985944004832671
VHL17948,16.739829695521184
VHL17616,16.201553793713067
VHL17664,46.13396938991607
VHL18299,4.364097326697586
VHL18959,14.124195937790759
VHL10473,11.867729762936492
VHL17271,19.881451919882448
VHL19798,6.796688901068961
VHL17935,36.873743634469186
VHL10245,20.181129421205647
VHL15041,9.381264788070633
VHL15001,27.415259987404994
VHL16287,1.8277062310486443
VHL13974,18.56681030186078
VHL15764,11.509688061162267
VHL18888,3.9058888967796244
VHL14882,15.62758889646706
VHL19424,5.788634340881725
VHL13785,10.357922084010921
VHL10783,23.1496553903586
VHL19808,26.18843203531038
VHL18890,16.48240487839824
VHL13440,30.503980261408913
VHL13285,18.79242706905237
VHL18805,13.165550336042564
VHL18550,5.205842498269178
VHL10061,14.415829672173489
VHL18522,16.28377432473445
VHL16813,3.813512531875612
VHL11036,22.78681278834598
VHL12107,3.8993231202031406
VHL17826,2.0984433656155073
VHL14449,22.35852641327659
VHL14938,10.266583937865732
VHL14098,7.840297689279319
VHL19241,12.565827231958329
VHL17856,15.734232521113256
VHL18900,9.873738096393106
VHL11133,13.052409745332398
VHL11687,23.28967683263158
VHL12719,4.534562255106171
VHL15531,3.8712837600246766
VHL17329,13.541358423072843
VHL16806,7.322246715925769
VHL11582,19.93421612970505
VHL16362,3.9218642774659536
VHL11119,10.262691952277178
VHL13806,6.61350642503513
VHL11733,16.471595032694065
VHL18959,8.878029232525092
VHL17287,10.724522026814052
VHL11709,8.631730059388255
VHL19793,3.517113336821937
VHL19880,10.013078855119952
VHL19964,31.20333801727861
VHL12784,4.743625248267737
VHL17371,15.963649915094408
VHL12439,16.684295209967207
VHL16652,9.04559496837946
VHL17836,39.03284907794765
VHL16597,17.845757737010658
VHL18707,7.0561436131055295
VHL16683,22.06008546729107
VHL15365,12.463391849162155
VHL13507,35.57185487387424
VHL14459,5.924021381168252
VHL19300,6.4164502576095375
VHL18418,24.28151999123197
VHL15350,9.222911646152555
VHL15927,6.503808945350631
VHL12985,2.45579583138977
VHL10426,10.039093666907194
VHL10506,0.9826420808707993
VHL11042,11.889813869927645
VHL18043,-2.7175371530619095
VHL16258,12.38645916233961
VHL19326,9.488869937912241
VHL15424,0.9343634509076545
VHL19014,11.083912710409544
VHL11310,21.741209355813215
VHL12927,24.765439385584912
VHL10082,24.439731804070373
VHL10068,9.370561488455719
VHL13660,14.801241366817315
VHL18810,8.812096607745332
VHL17666,10.299744313711697
VHL18022,15.339800347541795
VHL11237,6.2034369641536165
VHL17240,8.886704978494706
VHL13512,2.858291840641526
VHL10596,15.261503114535069
VHL10073,19.716290399587212
VHL13719,38.57920457374377
VHL10077,11.247080548552725
VHL13151,10.185841333870291
VHL12499,6.824856769397537
VHL18832,6.617309680866136
VHL16790,4.80901135294875
VHL13880,5.313258366805786
VHL19448,25.239186925162727
VHL15860,5.421922496835779
VHL14538,14.28224502723542
VHL16505,7.601736453524491
VHL11544,27.337866358159758
VHL19830,5.387782488566876
VHL10194,1.518709222580317
VHL15744,24.557380090827667
VHL10957,4.673750087130036
VHL12568,3.8546213216039154
VHL19448,6.194502456874054
VHL14417,8.331477743726701
VHL10368,2.0447104728550607
VHL10806,2.2841008735097037
VHL17414,19.45206236312635
VHL14892,5.868761247247066
VHL17933,7.073096338162091
VHL15852,15.315289346227113
VHL10505,11.292065594658412
VHL18345,10.572034974884623
VHL13294,6.4568297783837565
VHL18253,8.812096607745332
VHL17152,3.0739880511844024
VHL12883,9.424460817070134
VHL16101,16.952038059018395
VHL15563,6.826857321840435
VHL10313,3.9972820479969795
VHL18291,9.675717019843468
VHL13553,9.825418328556575
VHL11440,5.938934492457676
VHL15887,6.515787592240322
VHL17489,11.95832093223536
VHL16271,10.656088354403925
VHL15007,0.7667121620567147
VHL15329,18.801872028589695
VHL13826,15.959592730592222
VHL11568,9.582916010674628
VHL13578,2.405539420035175
VHL16302,7.840412039097463
VHL12677,12.402276239514492
VHL18866,23.25169711946307
VHL11976,5.310424301529536
VHL17817,14.48295711763379
VHL16893,3.7254146827291863
VHL11075,6.331769528240645
VHL14865,9.47865516271277
VHL13535,30.609127228462558
VHL16299,17.635599264175408
VHL19327,21.666535174386315
VHL10055,0.3209546361489557
VHL14258,16.553452885363733
VHL11527,8.621042671251617
VHL17682,32.46219186998896
VHL10073,7.74075730985767
VHL14599,12.397827042110753
VHL15495,3.6879175009223766
VHL13387,15.942232320868632
VHL19505,7.353773923719724
VHL16307,6.958686490414769
VHL11034,19.07830830993313
VHL13625,10.628747642256572
VHL19623,6.19510295122545
VHL10838,3.483369089886859
VHL11711,15.932274818373061
VHL14148,17.2652422735261
VHL15745,6.899482299064002
VHL15705,8.920572146657745
VHL14767,5.806949760230551
VHL10108,11.711556289009708
VHL17818,2.7769196903105744
VHL18324,13.945602851485596
VHL19741,6.311373093558881
VHL11815,4.895545564993482
VHL18939,6.360061790471453
VHL18042,7.00681664277473
VHL13176,9.021822914217076
VHL16859,8.408966533462557
VHL14405,12.671740872996091
VHL14751,11.200033419364237
VHL18416,9.877672685689541
VHL13952,4.587311710362988
VHL14726,17.069373151339025
VHL11889,16.449756280697624
VHL12851,10.279289565838742
VHL12862,43.875711125232804
VHL14262,-8.511403383445886
VHL13520,10.910592592883534
VHL14967,16.54779273108633
VHL14728,14.84008573751486
VHL15340,9.079407090812554
VHL14760,34.559724287465016
VHL18498,11.420491415087016
VHL18440,4.132377062524081
VHL18477,5.137686292219005
VHL16456,36.712414147005475
VHL19596,5.528969920357345
VHL19616,9.908843621132887
VHL12885,4.169548415161102
VHL13080,4.903021345832871
VHL10988,6.9621579981250905
VHL16251,12.086033232938048
VHL16941,2.672603029720714
VHL19708,2.2521486498779617
VHL13116,12.632169138968587
VHL17823,6.503967026851654
VHL14587,15.10774129879509
VHL16807,8.807365648093707
VHL15706,4.406009195872086
VHL19568,5.370648032299884
VHL12877,20.002232153504103
VHL16412,21.12493603299261
VHL18036,15.135633318936854
VHL16860,14.822727780262637
VHL14755,22.950559621285773
VHL19234,24.056152649822693
VHL13272,7.017212391579161
VHL16892,11.550397816556417
VHL17413,8.162855971607192
VHL18817,5.458459510233887
VHL11681,7.246783432939078
VHL10192,11.973245727238046
VHL16374,2.640699188892451
VHL17630,7.735831953088806
VHL15610,3.287767187658168
VHL11364,6.701630501820676
VHL13136,3.3216797184939644
VHL10038,15.742132451258579
VHL12580,12.9894018803994
VHL14253,7.9149632146131035
VHL17421,19.935834797358407
VHL15458,12.791068537230442
VHL12574,2.5913904668493473
VHL14109,11.157321932889895
VHL15943,14.456494651516147
VHL17404,11.540863599035871
VHL14940,12.280052871135277
VHL16625,13.619871834595116
VHL12066,12.884618830329558
VHL12899,7.086315925063431
VHL11652,16.78866205088404
VHL17554,7.118244873421001
VHL11567,5.597206919676345
VHL10163,5.62498166310349
VHL10355,10.98103430622527
VHL12041,21.49509579422166
VHL13416,6.796688901068961
VHL15974,3.351265204490917
VHL12082,5.779275845414388
VHL12319,4.321216080405448
VHL12556,8.409062778766616
VHL18675,9.70332025289769
VHL13381,5.8705556173785505
VHL14325,17.7785016568199
VHL15875,14.22650674680318
VHL10638,1.6218498862911719
VHL10544,5.2671430793301575
VHL11654,15.057896035904465
VHL14423,20.22236021374765
VHL14569,5.575949202068183
VHL15007,13.737754983913812
VHL18221,16.58909806717482
VHL10785,5.830667189662101
VHL16546,15.183573612227073
VHL19173,3.0827056546469223
VHL11731,12.82080799061634
VHL18180,14.464910488966254
VHL19452,7.1842576449076665
VHL16163,5.04511906035373
VHL14877,3.7011821658061685
VHL10102,23.3630764852745
VHL16046,2.4545708996156406
VHL13684,4.253103901121759
VHL18749,13.561364885177005
VHL15304,8.162965272730734
VHL10117,2.5749575814762142
VHL19957,3.375093957442548
VHL19132,5.480511209851325
VHL15383,5.122394537148892
VHL10136,5.997714487990874
VHL17919,5.252470070918154
VHL11444,13.764111610440702
VHL18795,6.724674117249278
VHL12062,7.674525625467364
VHL15890,4.114398405970417
VHL17372,2.1531048189035853
VHL12038,5.171006354128797
VHL19368,4.176357406817723
VHL10476,7.552722594835289
VHL14079,18.440116246382715
VHL10401,8.01302669934745
VHL12810,11.944981940595396
VHL19466,12.512964930310781
VHL15757,9.946978342327888
VHL15894,15.723372339673714
VHL18056,16.284750934896945
VHL16634,15.268769179960687
VHL16608,15.521502026759668
VHL19831,6.243146281216525
VHL13863,13.939133351154927
VHL11159,13.433270007689893
VHL15412,16.514310916784698
VHL10730,8.17429508034688
VHL17248,8.848198838649557
VHL16421,27.969408588973906
VHL11328,16.864499699113747
VHL18439,6.832701414796645
VHL12340,16.218959813300142
VHL10461,10.958357066984453
VHL15024,14.968763348214045
VHL11850,19.06049197213429
VHL16423,4.45148526182546
VHL16427,24.819645735874417
VHL13444,5.303549965492105
VHL16609,7.023787306985763
VHL11522,6.593745411084473
VHL11433,2.9747798183073813
VHL15853,7.557328813197453
VHL14168,10.51982173722783
VHL19004,3.0954909057376416
VHL10827,17.34113057674645
VHL19998,28.22137674900293
VHL14997,5.772312658246119
VHL15827,5.665675839762678
VHL18844,6.012214003889919
VHL10076,12.5648325753773
VHL16342,8.917891187254826
VHL19420,5.132400137007113
VHL12762,3.7516646986097286
VHL16916,12.11071918747499
VHL10660,15.589449320476193
VHL18142,7.186078137923801
VHL13721,5.28929710750797
VHL18101,2.266992885739643
VHL11732,7.506289267893219
VHL14351,18.52274939992081
VHL16617,7.588850348627723
VHL13840,11.592524531497828
VHL10596,6.445724849535584
VHL19148,5.243968008960148
VHL16845,11.790425930253166
VHL17262,3.3623401536971156
VHL17801,0.3205493528228911
VHL18039,10.325243881133249
VHL15369,20.07967507069574
VHL14483,35.58291632331016
VHL19700,16.083348988804573
VHL15877,5.898894749399283
VHL15552,9.09427370694552
VHL18756,7.316972011332742
VHL10301,9.897686206425329
VHL17678,4.979824836638538
VHL17604,6.932298187269381
VHL17969,3.92186444927354
VHL17089,30.042076153263352
VHL13239,12.837856244914526
VHL12466,11.69627780417027
VHL16020,23.861741584328115
VHL15014,5.979557336547441
VHL13302,0.3078764532201886
VHL17986,17.6877497024101
VHL14724,7.212429198601417
VHL15147,3.148751050741214
VHL15325,19.75970058590532
VHL16131,9.29583199617041
VHL14868,8.435707646024994
VHL15382,9.639193692867645
VHL12164,1.0644838276575876
VHL11723,10.869257231053394
VHL14888,13.298300906412477
VHL17997,1.3069010666720888
VHL11576,3.9418396809529437
VHL16048,8.49451628931885
VHL17795,25.600823445913846
VHL15642,8.29043260446287
VHL13953,8.002574870083727
VHL10189,19.60810893445183
VHL13338,33.07637531810997
VHL19247,6.499004111369277
VHL16429,6.37139028602176
VHL10272,3.145459306720557
VHL12716,10.238698483794769
VHL12652,3.0177259042639992
VHL13545,2.252787075071287
VHL11323,16.99193412127458
VHL15121,3.482582025640784
VHL17568,2.37793644897328
VHL11886,7.580478244060729
VHL17402,10.484376389560456
VHL10243,5.911783182167313
VHL13407,9.151129208731914
VHL12149,6.82085592936613
VHL11037,5.696366257284531
VHL17924,17.560383366980123
VHL12180,6.78552336965091
VHL14683,5.13714539668182
VHL18920,4.139489805561819
VHL12024,26.552115642809976
VHL13968,24.79900693772125
VHL11079,4.466346478935676
VHL14355,21.52812936246126
VHL11824,7.345454606574304
VHL19942,6.406009749352594
VHL12917,8.204830866431312
VHL15326,7.355175185805457
VHL13585,16.268455735223316
VHL12069,16.782794534596178
VHL17056,5.336181960816941
VHL10515,14.386327934950172
VHL16435,19.730024848128405
VHL17564,1.6863149667501578
VHL18798,21.457120079005765
VHL10222,9.740969415456673
VHL17645,8.813836606234661
VHL10810,28.81522438278799
VHL14216,6.498935752774552
VHL13799,4.41151933729178
VHL19965,3.9685739915051985
VHL18568,5.400939698581046
VHL17957,26.64289439154923
VHL11023,6.408575459518324
VHL17797,4.4087654522705275
VHL16174,2.612254215915088
VHL15112,9.55665131440586
VHL10167,15.48195525176421
VHL18749,8.17429508034688
VHL16276,9.841846891190125
VHL15593,5.229685708864593
VHL18474,15.476498234831894
VHL13000,11.626120780120269
VHL10796,12.32242502580579
VHL16443,12.936433873219968
VHL13954,10.491945854405278
VHL12761,8.530537056671113
VHL17916,16.11112475919295
VHL13145,6.554008210189839
VHL19331,8.82297352114351
VHL15623,10.716044231080028
VHL13922,2.3229424430416836
VHL11222,4.201057308918208
VHL15425,10.56930048212849
VHL19072,11.937630653424174
VHL18649,7.989799576663092
VHL14730,11.49137542656213
VHL12512,21.443450923271246
VHL18486,17.16555422650516
VHL13182,1.5748945774148122
VHL19735,10.082276987655169
VHL13370,3.3748931475281587
VHL15038,10.804253426286186
VHL13034,16.70357710438837
VHL16581,17.847754208182057
VHL12113,10.792341946180096
VHL16914,8.75184704503912
VHL18231,18.869435620544323
VHL14192,9.468559518386309
VHL10404,6.398588226691288
VHL10084,8.344339771080044
VHL13855,3.035667599232615
VHL14027,10.219380048606041
VHL16209,10.807107928966351
VHL11144,12.817644705115661
VHL18646,8.047946289458226
VHL16431,18.792077331272868
VHL16873,14.695976992158608
VHL19594,7.992463117454886
VHL18630,8.757747507735791
VHL17288,3.696314719758083
VHL13113,4.922582677920351
VHL18865,20.458060636508566
VHL18260,23.58459343869166
VHL13198,17.867622500814324
VHL11475,3.3613143971861965
VHL18584,9.178357971564242
VHL14768,11.858485076167225
VHL16073,8.205963565799026
VHL15742,10.87173015589029
VHL18879,9.651421765064208
VHL12038,13.131382101534696
VHL19728,4.39836576059409
VHL17986,3.7678325592907718
VHL18819,13.650570344236527
VHL12225,15.859380090194312
VHL19157,9.367167688277478
VHL19615,16.859656505877464
VHL17175,4.461320134186392
VHL13050,5.160327029141751
VHL13123,9.485303163685947
VHL16065,33.78229316785978
VHL12484,11.586258140130212
VHL11338,22.115386680562526
VHL17289,8.812096607745332
VHL15447,21.87270922077238
VHL18803,12.564657748464938
VHL18294,16.768891543084575
VHL15133,13.17932754129132
VHL10657,4.104604640626518
VHL10619,8.190928249178024
VHL17912,10.596794460044952
VHL18164,5.392686274556675
VHL14504,4.649134252750715
VHL18885,6.635088517002475
VHL10118,4.178748901440584
VHL17852,9.898292576348496
VHL18834,17.223288878967374
VHL11508,11.00279958628664
VHL17633,9.39224136279239
VHL15893,20.55113820741457
VHL14089,9.614454542685829
VHL18800,4.316737331389035
VHL12314,3.3117716138997273
VHL18047,4.833071110178623
VHL11118,27.69313730710088
VHL17922,4.123309781845561
VHL17121,4.014554756410971
VHL13960,11.671471064164097
VHL15350,7.836138611917735
VHL17939,6.471640042116622
VHL11888,12.333449808841022
VHL17044,3.8818384130316788
VHL10290,4.422930764223215
VHL19497,18.06320905708148
VHL17807,26.41878265493875
VHL11467,6.681961011460778
VHL14703,16.82641550710086
VHL17518,10.73595855330755
VHL19578,9.098273689487506
VHL10425,-6.833034391853103
VHL11304,12.362576191266498
VHL10086,5.966859281162769
VHL19512,0.7718376390056728
VHL13350,11.215097518076618
VHL12694,2.277697403294565
VHL12838,6.367311337858369
VHL16255,6.04926972638039
VHL15196,12.002459484657393
VHL16844,12.666750683080167
VHL10977,5.494669245381584
VHL18145,3.9353878192119907
VHL12297,8.617181659571786
VHL15274,12.371094440886958
VHL15478,13.057030326429304
VHL16940,8.792297854404737
VHL14407,11.072529860219602
VHL19544,18.89590033259665
VHL10519,21.596393853316346
VHL16928,5.787364099752462
VHL11692,4.957793555294825
VHL15180,13.3491358461103
VHL19040,8.568661577947251
VHL11628,19.29759042374754
VHL19845,26.909750036106953
VHL16574,3.835987840372218
VHL14807,14.446083115706225
VHL11188,41.03055304228573
VHL18077,22.496008939100147
VHL14836,4.956362693335689
VHL13406,13.642366786854502
VHL18365,11.210287226909017
VHL18328,14.90852358617267
VHL14695,6.72669158756741
VHL12724,2.3467124782192963
VHL10202,15.85718180139611
VHL12815,29.05696468791436
VHL12630,4.243631319782264
VHL14283,16.179232638476446
VHL18698,10.020575673995348
VHL10141,6.362751568355222
VHL16204,12.123278672708254
VHL11310,11.403946090144737
VHL18878,11.069840652687354
VHL19310,14.545525682074178
VHL18219,3.5868990608105675
VHL13108,4.174678630511679
VHL14070,15.57976517807458
VHL16891,11.919749379133732
VHL10398,6.517952054020339
VHL12755,28.0537842499369
VHL12995,10.584810360071922
VHL12158,19.466745957799404
VHL17814,13.25789310848774
VHL15098,29.64515314423394
VHL13066,14.602828973187039
VHL13362,6.196143447917315
VHL13443,9.429388278412526
VHL18173,5.686147403215802
VHL16277,6.784411581968212
VHL17380,23.51342167055404
VHL18129,4.2135635112029055
VHL11891,11.902000984586879
VHL11042,8.290457905326475
VHL16137,29.004006734840498
VHL13400,17.896671819611164
VHL19399,6.3843865854532735
VHL16723,12.373918678705431
VHL12416,17.947945513239677
VHL10350,3.349868850920967
VHL13811,24.27823214678528
VHL13916,16.191686434426327
VHL11857,10.574334882185587
VHL12040,5.738255276014686
VHL10872,19.884569581008545
VHL14351,5.70123380383994
VHL18230,9.338715670280012
VHL14851,10.295119755477394
VHL19426,4.2135635112029055
VHL12795,7.052446340136528
VHL16882,24.04319934924918
VHL15924,2.977411744584298
VHL10807,6.659580910498758
VHL10611,4.702635567722811
VHL15296,22.273526958838175
VHL11333,15.727749080908055
VHL18616,14.932667100518017
VHL15633,2.61251481268523
VHL15157,10.349116970928721
VHL16982,0.9330410050891799
VHL13879,12.175761112508647
VHL17585,5.143035864826406
VHL13116,12.469963940888363
VHL16982,13.68231197934846
VHL18017,0.6904426030253691
VHL19155,9.16753633416903
VHL19997,7.505786905565999
VHL19660,7.198502283223166
VHL19990,21.538529519596153
VHL13582,-0.5542829536009384
VHL15998,10.908104020091272
VHL13285,2.802435630595781
VHL16586,4.751355507335257
VHL15120,11.526525869723699
VHL14954,3.9058888967796244
VHL18066,9.066841894402238
VHL13559,9.660570194120144
VHL14707,7.768800547823542
VHL12562,10.969498352160485
VHL15527,19.405396356476917
VHL12878,15.902990496397132
VHL12507,19.09770863614668
VHL14699,6.694011581110028
VHL14730,8.13741244545033
VHL16614,2.4233182736470322
VHL13024,4.286800614925423
VHL19915,8.302213850138203
VHL13101,19.950264615097442
VHL13052,12.858250966687857
VHL19820,21.581517411253163
VHL11562,11.068128393758448
VHL16424,8.867868453399268
VHL10876,7.12083129470977
VHL12199,7.814177453660818
VHL17320,34.70090864984277
VHL13599,3.034976507067128
VHL15761,5.324667927404274
VHL12114,9.832355950628326
VHL14797,13.921487331939586
VHL10360,5.611717745524931
VHL11344,10.181627200607823
VHL13709,5.136023215177769
VHL19962,23.245273586448935
VHL11021,6.879945123305048
VHL11988,11.404873573385517
VHL18459,12.120359715858148
VHL12547,5.04439933914946
VHL17688,18.421346380226673
VHL10267,11.476547800649344
VHL17363,36.78068266694704
VHL19946,5.475801436248902
VHL17698,8.954676394840206
VHL10234,12.902123845603292
VHL13897,19.590163267483536
VHL13543,3.937353296651054
VHL11002,4.513195823405927
VHL19102,0.49716832853931825
VHL17633,3.0587070479723
VHL18124,21.813460189362814
VHL16120,-2.551719001641534
VHL19186,4.5359174672245155
VHL18664,4.845688156531955
VHL17083,9.272987905820024
VHL13077,9.979102558539019
VHL17267,10.42451399592494
VHL18565,13.655635674779282
VHL13814,12.06695040871819
VHL18967,30.65754389987195
VHL13503,26.506513880140957
VHL13644,11.241786344814214
VHL17079,4.2135635112029055
VHL15239,10.386501402656144
VHL17245,17.176339355158678
VHL10153,10.513244598111124
VHL19693,20.029981399959038
VHL10773,8.313217063679774
VHL11413,24.14069636870902
VHL10223,11.496143148820915
VHL18530,15.516534833007535
VHL12551,8.541888257528134
VHL17602,7.71220649230078
VHL13375,7.446336709798691
VHL13337,5.307650813197505
VHL18551,8.745697107589521
VHL17882,3.819190338099382
VHL17761,9.57424835584026
VHL12646,14.5400784995821
VHL15219,5.17235817774777
VHL14365,16.5773732827389
VHL16915,8.92918951063693
VHL10906,27.931294492044184
VHL13513,15.093832446815215
VHL14542,55.641604377958735
VHL14200,2.9926461667456152
VHL18013,7.274008299683742
VHL14772,10.363442419958188
VHL13641,15.046350976505616
VHL15001,9.782128061756618
VHL10409,15.985552834099002
VHL12698,18.44505668043916
VHL14128,3.461670530548622
VHL10621,13.844657316354853
VHL13729,7.686483239382728
VHL16191,22.242212792558707
VHL11188,1.913078406807939
VHL14810,9.070266684020465
VHL16357,15.62758889646706
VHL18353,10.613710213643452
VHL15843,9.029426964287437
VHL10210,19.71469738259106
VHL17457,8.200563488386573
VHL11022,21.88256558052173
VHL16541,4.134017618648208
VHL17647,11.209724185769636
VHL11229,8.854593657919347
VHL17996,8.32587339142156
VHL17089,3.7952049466751236
VHL19543,4.643236776315599
VHL19715,22.74793262478615
VHL17944,10.90463976764138
VHL16820,31.974395379565824
VHL14857,16.650765509684323
VHL17512,14.365525914064191
VHL16649,3.9058888967796244
VHL14838,9.869599696739654
VHL14568,3.074269849214287
VHL17525,9.349229782545011
VHL16117,11.643194854741347
VHL13135,4.139489805561819
VHL19812,3.1986120920011936
VHL17027,7.526481489419797
VHL14654,13.245911992064997
VHL12420,3.3181437316876816
VHL10360,12.326591491395588
VHL13629,14.914176311191838
VHL16737,7.862802799096266
VHL15446,31.17889319284627
VHL10946,8.068802432658247
VHL13953,6.7406453427366095
VHL17303,6.470681308406924
VHL15447,6.657791574947701
VHL12854,8.164136375554337
VHL12567,15.656026179060225
VHL19137,14.466958172249102
VHL19411,7.85987564793615
VHL10923,22.280419940184398
VHL17236,4.674455098896086
VHL19462,19.02457552315146
VHL13097,15.613890452584494
VHL19969,19.568004003200315
VHL11860,2.077756753253183
VHL18943,0.7844600405755364
VHL11672,11.068777566828425
VHL10815,8.6900531625654
VHL16245,17.602542234271052
VHL14969,25.465773648987536
VHL19652,15.709545492195465
VHL11330,1.4377250943818403
VHL19827,3.033495275808272
VHL10484,15.083685304706364
VHL11394,29.40084525270653
VHL18787,2.6656064462059157
VHL11803,18.59586671331252
VHL12784,10.72705040507858
VHL17216,5.105408828691023
VHL10033,8.429603709385509
VHL11776,9.832355950628326
VHL14947,7.4684795756382885
VHL17522,15.792086886876708
VHL14197,10.755910807344643
VHL13071,6.762267575324704
VHL17406,6.3426151392547565
VHL12174,18.374228861796492
VHL12440,19.185223071449403
VHL12462,3.3636192110651124
VHL12158,5.7335911801463055
VHL14899,6.169410670228186
VHL11281,7.14787379849214
VHL10913,7.572835696220099
VHL19630,5.260999077692831
VHL19709,14.734664671006191
VHL14819,9.424460817070134
VHL15381,2.3549454791030513
VHL14781,16.848121456622366
VHL18728,12.094789088552972
VHL16520,21.211247961803608
VHL10643,15.85436817573376
VHL19438,2.856589262400234
VHL14103,8.340898475771434
VHL19088,11.094628508825243
VHL15456,25.292596849968117
VHL16411,5.594618008137327
VHL19044,40.57027651554602
VHL15194,2.9762696421310166
VHL11490,11.445706016888956
VHL13904,20.133208890663113
VHL15148,2.6097643344450714
VHL10918,6.511441038965856
VHL19119,13.376068955469096
VHL10313,32.244314861088824
VHL17176,13.050928847963897
VHL17166,1.4887420940015297
VHL11166,4.882116772240347
VHL19144,7.493235153360103
VHL17259,10.152780449332466
VHL11965,3.4930238470387494
VHL13791,12.73640313132423
VHL12309,2.9018695020991987
VHL18687,13.017441037418124
VHL10199,6.824233240188074
VHL18562,6.097624552555214
VHL14042,15.022451418668346
VHL19017,8.688366223349504
VHL18805,11.312554328724895
VHL18622,3.6726094651813224
VHL14045,4.353842629211635
VHL17010,10.912609908158196
VHL16993,12.206585355978348
VHL16050,16.82294040149442
VHL16363,9.397155763167406
VHL10287,12.589284283066208
VHL19873,12.839351484315044
VHL15450,4.114185677528714
VHL14789,10.610054207812862
VHL14379,21.38798714790346
VHL10911,18.43433011681406
VHL10449,14.94704215226202
VHL19705,35.541136416677865
VHL14766,16.39330577661924
VHL16203,10.017178954706239
VHL14855,13.857634531058707
VHL14661,14.768100821167915
VHL19859,14.932667100518017
VHL14028,2.419488296020784
VHL14991,10.894595506786416
VHL15291,27.004609783667178
VHL16047,15.019931710455362
VHL12253,19.905564429730134
VHL10428,16.0878901224072
VHL15237,4.299263551476861
VHL16101,10.312684086642538
VHL16143,21.598484986318187
VHL10257,16.187200694696216
VHL16662,14.678366442692939
VHL19799,10.148731281480705
VHL14241,2.8092394414278914
VHL17705,14.016928763362975
VHL17529,9.540460107985295
VHL15191,4.202542183391373
VHL17451,14.950985375137101
VHL17879,4.565077926668468
VHL19264,12.32735335443435
VHL19009,4.219842115181332
VHL10568,38.55667190080276
VHL19545,16.95388945990385
VHL16822,3.9587951466668216
VHL10957,14.033869570811829
VHL15607,6.495338996619822
VHL12093,1.1981948060811602
VHL19096,6.523063914101987
VHL18288,10.016977060507033
VHL11310,8.853495379830782
VHL19333,11.980124175952488
VHL13823,11.898443317864148
VHL19965,12.81710246706151
VHL16917,13.151197420304916
VHL11177,3.0110659218581546
VHL16853,10.038972303026116
VHL18554,5.192403692897625
VHL18562,11.60270881831495
VHL10753,31.220313600549947
VHL16804,6.031868702649089
VHL18774,9.486023816593502
VHL15561,10.880060118774816
VHL12265,8.621570477236636
VHL10021,28.771772048741493
VHL18216,10.187910615582082
VHL18297,7.851712146640888
VHL15781,1.9442722396293517
VHL12134,17.68043208207528
VHL12909,7.180465466990999
VHL19963,40.61508389115685
VHL16014,13.999209987971094
VHL14675,38.156636078517586
VHL19999,7.59423607203006
VHL15433,7.4202506440139615
VHL12937,9.970393930280316
VHL11373,25.94947759328785
VHL17859,23.453970326076444
VHL10314,9.875572740958669
VHL18773,2.214949467024638
VHL16942,6.337310299517788
VHL18334,12.734343790713398
VHL17910,10.311368915792338
VHL18494,12.40459128914734
VHL12860,4.782707709240357
VHL10204,4.539191736819346
VHL19924,6.9084415004562105
VHL13255,3.912430345870135
VHL12057,7.875164599621158
VHL19296,20.323106522209326
VHL10104,11.078389901767531
VHL14185,9.25671427810971
VHL15914,11.702028601170113
VHL11633,3.6972446479630334
VHL10331,12.074214133641716
VHL15981,9.881552653638382
VHL18376,20.640559881915994
VHL14890,3.665976773385536
VHL14283,16.358398346745727
VHL15877,7.27105912920561
VHL10019,22.584607953940818
VHL10439,3.843575373058995
VHL18436,7.221618117001299
VHL11989,5.767867781941635
VHL19813,14.493369324348805
VHL15869,3.8469817251567044
VHL13464,6.821700080247815
VHL14974,6.967849640220884
VHL13446,7.551507401701888
VHL11326,26.294681356103567
VHL12561,8.016280357228576
VHL12421,14.537144805296018
VHL15061,12.609964027431067
VHL16174,8.865749107245696
VHL14500,9.157183409288345
VHL16937,5.419644154092953
VHL13576,55.353133236887096
VHL12458,12.423296580943628
VHL11965,21.5582694389032
VHL11890,11.585903651452233
VHL14930,25.021539575849562
VHL16445,0.434936352958233
VHL11308,5.611395452952653
VHL17652,4.511482861445592
VHL13004,11.365879840726143
VHL10262,9.504935443404364
VHL13111,16.499919581708
VHL13568,16.73742374088866
VHL12606,4.139489805561819
VHL15786,6.315037882838294
VHL11054,7.769721380209933
VHL15167,9.411304809574714
VHL14716,5.740380681699629
VHL11763,13.017628823773434
VHL17885,6.670808770023903
VHL16048,6.614498203432849
VHL17032,23.527904453973218
VHL10344,3.406556341702352
VHL13463,14.253166909492725
VHL12903,9.200004568925463
VHL14551,8.048865685739623
VHL14763,5.155852913982155
VHL19270,2.839308998851694
VHL12817,11.849438000429226
VHL18354,2.3650687970546254
VHL12185,5.421136321384053
VHL14983,11.173571798881511
VHL15530,36.134352576652795
VHL15827,7.117774049184988
VHL14886,10.9894011104167
VHL17643,-2.8173422439218805
VHL16987,9.345512597945833
VHL14294,27.766903667180454
VHL16175,7.540395343753931
VHL18639,5.817726074352869
VHL13640,6.560027025634599
VHL17895,11.103028537623715
VHL19307,5.011552924307027
VHL19436,10.382503343661552
VHL19809,21.037280391932395
VHL10638,4.152697761470257
VHL13859,16.718278268884173
VHL11640,10.407004707689635
VHL13661,21.53297098911496
VHL15523,1.2433708638410048
VHL12838,9.78718267598231
VHL11312,52.355069799205296
VHL12699,7.175699574129783
VHL14640,23.238348681132933
VHL17666,7.524186493784581
VHL14903,11.120177247116999
VHL13835,7.468945421541943
VHL15635,7.7647537389654895
VHL19827,3.217181989880009
VHL14808,9.839520995271524
VHL16208,19.512881974030975
VHL18605,7.851712146640888
VHL19751,8.657104044374101
VHL17664,3.513439979781779
VHL12588,15.376868540558482
VHL17702,14.202879934421462
VHL10842,20.652928877219964
VHL19609,9.321455943869047
VHL12767,14.077838116279686
VHL13680,9.55665131440586
VHL13507,7.933557800860062
VHL16160,1.7321497898255398
VHL13555,1.1093397871307447
VHL18088,15.919362132427016
VHL16428,12.175056796553228
VHL11278,10.420598185098065
VHL17567,4.051020383661315
VHL16715,19.347508795557577
VHL15486,12.492673494330504
VHL10286,17.520603447826243
VHL13344,9.632788359118509
VHL17544,19.217601181664108
VHL12579,11.074714221329947
VHL19966,2.02109834115194
VHL12989,15.054028983426027
VHL18968,8.595806874944957
VHL16423,12.09184972618992
VHL15852,13.181763738784985
VHL16298,9.721579934914883
VHL13399,11.463026899767152
VHL11381,2.0120680732146625
VHL18329,16.592790966892068
VHL13335,8.630795423131588
VHL11885,4.201187910705916
VHL19284,7.374515659321678
VHL12612,4.509380926585423
VHL15522,12.183434506350972
VHL16059,10.187687935824504
VHL10388,25.638289356765256
VHL10025,12.715022250177753
VHL14629,7.315625154985663
VHL10790,16.305248933522805
VHL17966,6.776492747602419
VHL12843,14.452198416006974
VHL11996,18.824181860474557
VHL15688,20.05164725533908
VHL13110,9.389804826909492
VHL19865,8.713127230111501
VHL13379,2.1564478089205203
VHL18639,10.483108265644702
VHL16928,3.5427099847615438
VHL11725,13.352385316481664
VHL11355,4.928450842484037
VHL17560,3.134174597766094
VHL11885,22.68525362601325
VHL12995,21.07774158827387
VHL11751,3.5459478567836924
VHL14633,29.134272573802004
VHL16853,21.596754311650642
VHL14501,13.39707051511517
VHL13938,37.17749530954768
VHL12329,5.196090442397379
VHL10067,2.174051058062209
VHL19818,9.78846010268988
VHL12785,6.951829517729439
VHL13874,7.038710314815902
VHL18142,6.213506669408942
VHL14855,16.19101377415754
VHL12147,13.991976702351414
VHL15256,26.779403477692586
VHL13751,3.0756333182617337
VHL17863,24.30326461693726
VHL13981,13.934714658188563
VHL18916,2.665839134508721
VHL19492,4.039405449927368
VHL16004,6.222551395730254
VHL15913,10.150621429354219
VHL16871,4.8744948701312305
VHL11388,9.587091557163426
VHL15019,17.267628382820103
VHL11934,9.195947781444119
VHL19784,4.1990997167405855
VHL12593,11.683520248593524
VHL15836,4.6230807012238655
VHL17034,5.82532643761801
VHL14607,10.09549149481466
VHL17105,25.37295144833205
VHL18773,4.380513552054698
VHL12684,16.327970135145467
VHL17154,6.688777646672743
VHL10849,32.12455373198169
VHL12067,5.072276202997729
VHL14247,10.217060143987899
VHL18581,2.4538335902701096
VHL18516,4.721269275050756
VHL17684,20.21572804154758
VHL17215,2.9817903187304027
VHL15232,9.42823184213917
VHL19310,5.098186959725305
VHL12120,17.002567701800608
VHL15455,16.271199059051085
VHL10132,7.803678228286944
VHL12356,12.359046930498508
VHL16995,5.686308615301048
VHL15752,21.04536041332803
VHL12151,5.665056577499253
VHL11902,3.1639732551633757
VHL17808,11.32980515302477
VHL17592,8.29043260446287
VHL16636,8.017143771690426
VHL11497,2.611480579359062
VHL17774,21.222856018870367
VHL15919,8.224863256976375
VHL15172,0.9830230902596925
VHL11820,9.34774592172265
VHL13093,25.249832102985522
VHL17445,7.577919720707496
VHL18989,9.995104109911734
VHL10713,11.862617315840867
VHL14240,4.187468274950006
VHL13501,55.09169022478533
VHL18215,10.179463793176884
VHL14878,13.287194824755097
VHL19143,4.046147332882367
VHL10173,10.113297667597108
VHL16962,11.905443269724804
VHL15384,6.769494792829859
VHL13844,4.6230807012238655
VHL11998,7.108449723502055
VHL10444,6.175860345991542
VHL19655,8.473386256227492
VHL18921,14.63245388203043
VHL11774,4.587719792319408
VHL15490,10.088085388127945
VHL18694,13.928677012582773
VHL10360,20.17235082147261
VHL18707,19.306674684436125
VHL15801,27.342595828034632
VHL17931,13.183547077426091
VHL16716,16.69156012533521
VHL11290,4.01478227076407
VHL18180,4.791289999240518
VHL19935,11.716931056623906
VHL16593,12.538357204855734
VHL17349,25.048441311053537
VHL18705,14.124292822359607
VHL18527,11.092024196169662
VHL18577,4.100150275248521
VHL15369,16.532800992568944
VHL16140,7.021960550920309
VHL11458,5.510957654579349
VHL13652,16.443659982361645
VHL13470,4.2135635112029055
VHL17609,22.44542854925182
VHL16953,6.223588876533364
VHL19670,2.9378129502235253
VHL16517,16.015568784562344
VHL12631,6.80503166424809
VHL14338,1.7854782065155461
VHL13224,31.0859691342926
VHL19157,7.339384514411435
VHL10266,12.10527841535187
VHL11597,26.247119858768468
VHL16219,3.890621004605523
VHL12828,4.1798988256236695
VHL10364,5.988207317374278
VHL11875,6.643390223069133
VHL10185,15.167360251352783
VHL12097,8.675477870303343
VHL17691,4.509116253586662
VHL15092,9.738074741822802
VHL11628,12.094447130599022
VHL13662,16.22807951311526
VHL11486,5.344234653670785
VHL18373,8.570029070341576
VHL16605,-1.610064581752369
VHL14670,10.653643417007867
VHL19579,11.373529690847851
VHL15504,2.6638387766754668
VHL18831,10.59505637303257
VHL19404,5.048292664191017
VHL11218,11.324516341021017
VHL13869,22.21715392372604
VHL19846,3.9513440628908896
VHL11677,7.755377147229541
VHL17416,26.44341741824516
VHL13175,5.155064527408497
VHL17965,14.13702983962588
VHL19048,17.14623576946784
VHL18117,11.973732169880849
VHL16742,10.046694405944686
VHL10339,16.43135359082611
VHL14079,5.1880786158273215
VHL17034,3.8130472881854693
VHL15903,23.144699296150076
VHL14643,1.8817501603846836
VHL19176,12.68343304877827
VHL16293,10.891432238979815
VHL16573,9.009297783788371
VHL10615,21.21992686755228
VHL10834,6.61157129322292
VHL13200,10.572216355988152
VHL18949,6.65876182528686
VHL14402,8.482131289101588
VHL16439,8.268450260602513
VHL14135,7.921014672492632
VHL10015,9.737364016865188
VHL10388,8.799177978932876
VHL17226,12.879663402226798
VHL16884,41.64840513553633
VHL18216,6.164965666257154
VHL19751,4.495318746092266
VHL11071,6.796688901068961
VHL16489,11.418286977414864
VHL12578,4.437188830469271
VHL10582,4.689968544545451
VHL19617,14.583238894337095
VHL14437,6.940906926329764
VHL11749,5.202412063660744
VHL18131,15.696376668103284
VHL16700,8.705100722247815
VHL14166,20.323106522209326
VHL19100,10.368856684206934
VHL11100,22.582382131965232
VHL17954,5.25617125494863
VHL15065,10.750308247133361
VHL14908,21.99956316980418
VHL11925,16.25947483627171
VHL12725,9.467659820169404
VHL17558,3.7489234490159826
VHL12989,4.258253976540069
VHL11734,5.175059925857634
VHL15324,6.635099606366455
VHL19720,15.892629907530498
VHL17274,16.56822845751142
VHL10206,15.01683518928617
VHL18355,28.679086948823496
VHL16634,7.111831382176717
VHL15037,26.24056804470736
VHL19446,10.526424087927452
VHL11255,11.666281861188239
VHL18968,10.810444864153771
VHL17262,7.866682155590084
VHL19635,0.8628539262558549
VHL13636,-0.5847202972584725
VHL14827,9.176516694610807
VHL13630,4.997275061614716
VHL18929,-0.9426420777605872
VHL18493,9.331324356001247
VHL11970,0.6089192692715842
VHL18557,0.12453901348779854
VHL16603,-1.4079811372743574
VHL10144,6.772089557158407
VHL19283,7.900875960368395
VHL14957,2.6244515698458137
VHL14521,0.06001388073037509
VHL14631,-2.7164578894895697
VHL10741,6.166044039225416
VHL18773,-0.6761999924045856
VHL15546,1.3625444902361667
VHL18796,0.8209243957551388
VHL16777,-0.10717426693812222
VHL12667,-2.5268873750666114
VHL11806,4.881193855324763
VHL16241,9.291524900904742
VHL11602,-0.4735244576404334
VHL10361,11.699397701772417
VHL11563,0.07038493634187211
VHL18781,6.22042669460778
VHL11605,4.922394039182502
VHL17566,-1.3224890016376456
VHL14925,-2.076937593434243
VHL17378,3.172884090208664
VHL13933,6.135683017142736
VHL15621,-1.2189314883459976
VHL11212,4.392111796039253
VHL17047,-1.554490535296192
VHL18495,6.150389886725502
VHL11789,-2.9271964834902207
VHL18812,18.959570194624703
VHL12003,0.14966399291594534
VHL17763,9.184524010013968
VHL10234,-1.4123366915260878
VHL11820,4.840110908190193
VHL15612,6.207086337566029
VHL16969,1.768490074838159
VHL15883,5.449640886793759
VHL16910,8.678768109751474
VHL15537,12.440885181230252
VHL19483,2.6851681659434505
VHL19061,7.123635904439887
VHL10122,0.5335773317137823
VHL18413,-1.327548246666294
VHL19153,3.1180421806976146
VHL16118,1.0391622089818948
VHL11390,4.674418750462762
VHL15701,-4.012322709025576
VHL12322,7.27512315064622
VHL18493,9.043857631525595
VHL18230,1.589843143579426
VHL10567,2.972793211010383
VHL16862,1.859762930351305
VHL12040,-0.6543844010281846
VHL13506,4.038439988074734
VHL13379,6.343143183058871
VHL16540,14.529288308313355
VHL14882,-0.3030854300579818
VHL16979,-2.5667579313015487
VHL17108,6.166338596054487
VHL19862,-2.8960389203278325
VHL19541,31.770694833174772
VHL16650,5.416460534781699
VHL18976,2.410454274250734
VHL15984,11.376038362976558
VHL13017,5.561760357584674
VHL12807,-1.4699005244195444
VHL16571,2.429204779021702
VHL18496,3.8362206541689186
VHL19085,5.867300278722635
VHL15655,-0.6465110159865123
VHL10274,-4.377471902209812
VHL17927,-1.1513646402231013
VHL14169,3.108152141965133
VHL10088,5.564631842358019
VHL19133,-3.8064951881062346
VHL10124,3.374179923735834
VHL17800,10.22229614925111
VHL12549,15.99089725128457
VHL10900,-2.8564768956832594
VHL16654,0.9472400893502816
VHL15178,8.202308225463229
VHL10370,6.169769014022655
VHL19083,6.424612370648426
VHL10667,8.384443128771549
VHL11177,18.167021013089883
VHL19621,0.344359819443209
VHL19834,-4.878336580024345
VHL18831,4.934542233053333
VHL16058,9.835027777955101
VHL15327,11.455974286688951
VHL10566,1.9204621076701096
VHL15911,-4.760561157891823
VHL18703,8.779625940040729
VHL19494,5.131300162826303
VHL16292,-0.7985720239790636
VHL12417,-2.9755855255734276
VHL16694,-1.479064758458157
VHL16876,7.424114168405374
VHL10394,-0.9290656695017979
VHL18192,-2.014636859161074
VHL18989,7.42640914982211
VHL15531,2.0019187746795324
VHL19945,8.196620407781053
VHL15352,1.083588403839874
VHL10470,9.494110167491218
VHL12910,2.3149081913223974
VHL19260,1.166003629581475
VHL18747,-0.24721373393981624
VHL10865,4.0349253522643656
VHL10512,25.242032143276827
VHL19176,3.2614377090474904
VHL18494,4.501713000145463
VHL14953,0.18631124403121233
VHL18146,1.210583727786087
VHL10753,-2.8899268286885267
VHL13266,-2.7103271390375796
VHL18142,0.8496948845598586
VHL12499,0.41420944555110345
VHL11132,-0.08158607377770218
VHL16161,-1.8719665059691586
VHL16332,5.606940575368117
VHL11947,-0.11498100341306412
VHL15516,9.560619488816416
VHL15620,3.2747427990348412
VHL11334,6.15671131505522
VHL14676,-2.5864471049257296
VHL18063,2.618233072612522
VHL11305,5.35856266620348
VHL17190,3.238737859436799
VHL19509,5.412110021609046
VHL13065,1.8206625192798132
VHL16948,0.17744103807722164
VHL18753,-2.258543489819106
VHL13306,24.590412454147238
VHL11296,-0.047049836817662026
VHL14799,6.827989807928508
VHL16629,6.49781235894719
VHL12469,0.022899717546262483
VHL14725,2.239155372905303
VHL15360,0.25968913586090786
VHL12472,12.277686393491706
VHL17694,-0.5030523212525247
VHL19367,1.4232422332983379
VHL13921,-1.881930517607045
VHL18424,0.7337588204687545
VHL13215,6.872571152955746
VHL19720,14.292947136099714
VHL19474,0.13544433886804738
VHL14718,-0.022428537981641423
VHL13614,-1.2629336911045623
VHL15761,1.6479896177265398
VHL15481,12.008165408148232
VHL10583,3.015730208012337
VHL10999,1.21873895416511
VHL11387,3.2266462176843853
VHL17201,3.0525589574035874
VHL11541,-0.10964783729032579
VHL11491,-0.4278212549742788
VHL13571,8.111930565156408
VHL17798,-0.8610528057459268
VHL11615,4.3982006767280035
VHL17412,-1.140916817797426
VHL17680,3.9145508196877348
VHL13091,1.550518356593594
VHL13434,7.351523729758941
VHL15052,5.662788711933878
VHL11742,4.604625850439668
VHL11925,5.025716815019635
VHL12016,4.791522665001617
VHL17513,6.864285648377841
VHL10564,-0.3937232073093826
VHL14087,19.64779872474281
VHL18246,3.5838070250274066
VHL10468,-1.6286516442027852
VHL18823,-0.6537839853395212
VHL10264,0.14148720225783715
VHL15285,-2.1730059604046423
VHL16403,2.679843918909017
VHL14260,0.10845717737122336
VHL16390,19.970118712377666
VHL14383,8.886931667987692
VHL12924,7.627863413387902
VHL16793,1.1574046023202247
VHL19286,-3.8952698019184475
VHL11692,-0.5164210478409205
VHL19565,7.678536618191889
VHL12271,16.890753769568363
VHL16387,7.067794152511548
VHL10067,16.153060306960946
VHL11055,7.6828012498656655
VHL16282,9.0602718072803
VHL10373,6.5474100316687975
VHL13130,6.429742360204642
VHL14791,1.577660276891625
VHL17669,-1.688997472378765
VHL10245,0.036579149833975734
VHL13394,-0.7348956536153182
VHL13369,-1.1741924758807352
VHL12230,-1.1233133589957138
VHL15024,0.5629918857081119
VHL15401,3.4005234725111912
VHL17830,4.843505582393767
VHL16594,6.996912127577218
VHL13400,4.705150307018482
VHL13413,-1.1996441260680715
VHL11338,1.012838130517552
VHL12928,1.0113236205849168
VHL14141,8.229194397911476
VHL13196,-1.2032520626898116
VHL17193,-3.21456049720912
VHL13848,3.8975544044360184
VHL15690,5.332551343816852
VHL14292,3.042399113108243
VHL10249,7.379796942509071
VHL16684,-2.456841078311941
VHL13663,5.210032844024483
VHL16780,11.226861857493232
VHL15195,5.018146823855456
VHL19709,6.854001643991456
VHL16300,-3.6094276974936186
VHL18402,-3.9925129510128214
VHL10408,-0.30615254309932993
VHL17856,-0.6841793109834603
VHL12909,-0.14710420678459446
VHL17579,4.592561494509019
VHL14360,2.179206301382408
VHL16170,5.164948960425078
VHL11625,-0.15283098423979702
VHL10141,4.926606137357563
VHL13372,-0.08952386795687357
VHL10702,6.106298325188433
VHL10168,5.764805298160662
VHL17506,1.8968586851450382
VHL19811,-2.6580572426407216
VHL18898,1.5830482576068274
VHL14976,-2.909279473187492
VHL19528,2.56372962878331
VHL14747,5.577539450399293
VHL12298,-2.5651303246045276
VHL12897,5.233001729387311
VHL14501,1.24490506390845
VHL19230,-1.7765614960493608
VHL17122,15.685682715910469
VHL13093,-1.6734948137903538
VHL13713,3.3424422151191897
VHL10827,1.6656348770897118
VHL14671,-2.0285058736548627
VHL19953,2.1725174037366264
VHL14674,18.055349863705118
VHL19651,15.865922783333735
VHL14860,-4.708060790621189
VHL15452,2.1534959144745405
VHL11031,8.123860220288568
VHL16763,8.221297326331344
VHL13764,0.10655994778897189
VHL12562,-0.9964031592699536
VHL11827,-0.8565083049154572
VHL13929,9.377445618618006
VHL10039,-1.3636858333990303
VHL15009,8.488116087607997
VHL13821,5.309047443844446
VHL14348,5.1357339820351084
VHL16840,3.3818295861505567
VHL12002,8.308088567476968
VHL10237,5.539203933484981
VHL18738,3.0784529682862356
VHL10568,0.802344616800874
VHL19355,3.7408049934206176
VHL16226,7.762986485285064
VHL16719,7.358617990629171
VHL14548,-11.694089071818434
VHL16912,3.866524414524807
VHL19505,2.6271545783945682
VHL16442,3.4704063319832805
VHL16825,2.5055135199803993
VHL12658,4.059149874805976
VHL12481,2.611416425462431
VHL18658,5.626804519608737
VHL15493,11.459844540981257
VHL12577,2.165014313008521
VHL13844,-3.515088965343667
VHL12544,1.5900172117197229
VHL14450,0.9437624526828836
VHL16818,7.845773661872623
VHL18694,3.794605583552517
VHL13597,8.220882430812013
VHL15898,1.479853267414086
VHL18680,-1.6153924571103653
VHL12465,2.3013927773833305
VHL12148,1.8744692393391134
VHL19876,3.1847457348440322
VHL19612,-0.3179099502728541
VHL18169,2.622127782766421
VHL13267,0.3785610284970112
VHL14640,-1.276444871530982
VHL15593,-0.41688420450122443
VHL16387,13.557077062804451
VHL13148,1.8089604425905845
VHL11142,-0.9136057937346905
VHL18659,7.383770677649096
VHL13899,3.8446383049629866
VHL18985,3.761872854438844
VHL17250,0.7486532401408835
VHL17539,0.043415992729725815
VHL18609,-0.2315088022376918
VHL11948,7.699611667871198
VHL11525,-4.1871024169729285
VHL12806,3.047432414271405
VHL19564,-1.0382711301421415
VHL19054,5.919073857207141
VHL18679,1.456095063101144
VHL19665,6.826667067479103
VHL12463,6.7551708477662755
VHL10753,6.3913051836746035
VHL11312,-2.1131355049109657
VHL12620,4.798141365985937
VHL17592,4.817046565347482
VHL11746,6.358227132393033
VHL14332,-0.0021665632575960103
VHL19959,3.606245210873592
VHL16741,4.868454580471089
VHL10763,2.9266735832186144
VHL17541,14.801561185333277
VHL11701,10.588354757995004
VHL10194,9.26983092979872
VHL13479,-1.0264197007576665
VHL15975,15.380510930667171
VHL10231,4.899588070981806
VHL18446,3.6403234535116695
VHL19365,1.8627371248769524
VHL12815,-4.614455331532024
VHL17210,8.330190489119472
VHL14273,4.036407489643177
VHL16001,10.648722111227501
VHL17232,-3.009325409678233
VHL17877,3.3626910549102806
VHL13772,3.988066263093908
VHL14502,-2.7712382352731524
VHL12140,9.895403577766677
VHL12267,5.154017339669227
VHL18736,0.6954356579025691
VHL17988,5.015637202388096
VHL11233,-6.113105273903611
VHL18205,-4.901230807014303
VHL17229,2.5806701030525163
VHL12503,-0.5329942081126541
VHL16555,-1.3297253883497913
VHL11608,12.984749834218865
VHL13099,0.825681499406485
VHL10464,6.646142591627684
VHL13660,0.8183220723869186
VHL15246,10.524401499639222
VHL18351,7.366134884232131
VHL14567,-0.7103020530997481
VHL18076,7.601387239876104
VHL15135,-4.750243283853017
VHL14661,-1.1951571374185563
VHL13468,-1.8590170767790921
VHL18899,5.303028069119108
VHL10051,2.261982629003757
VHL12127,0.06164784653526153
VHL12196,8.55827323826164
VHL17014,1.4134718116276497
VHL11559,-1.3023038372724827
VHL10059,0.05478480729122115
VHL15739,1.1455156857413182
VHL14808,0.05990328687191049
VHL15611,2.9375641179341976
VHL14636,-1.035559697392957
VHL11570,-3.164725774247159
VHL16463,9.983544565240772
VHL16394,5.0896668410285955
VHL13693,-1.1299570683367406
VHL12291,6.617933653533101
VHL15561,-3.2539738105435596
VHL19493,0.1757124284531614
VHL12756,-5.04107612619944
VHL10950,1.0126177393644664
VHL16866,8.849817480153774
VHL12609,-2.75657188244856
VHL12574,2.2405732295995042
VHL17135,-0.10535262510829006
VHL13752,1.0244101152940397
VHL13546,7.768309974947356
VHL11097,-0.18900848355833796
VHL18181,8.745805175921639
VHL10940,5.894234061858636
VHL16905,4.8172273112942765
VHL19185,0.30997774182528676
VHL10923,-1.406386343410995
VHL18309,0.8492709761388652
VHL19349,6.219257970728571
VHL13590,10.167206147975953
VHL20000,-3.8175858153246387
VHL12384,6.395262969876093
VHL13167,7.195241845077947
VHL18928,8.85910016129859
VHL11333,-3.396078252204352
VHL18531,6.543241972682581
VHL19725,4.541897086143263
VHL13535,8.711892772115496
VHL15299,1.7570520613539575
VHL19132,-4.056398650181657
VHL19736,-1.297807888239008
VHL11914,-0.9017604468298064
VHL14981,-2.799731840256996
VHL11507,7.856380719108771
VHL18768,6.3955606367613385
VHL13208,-2.0843814884999907
VHL17200,6.205606044229938
VHL19398,0.18524094104825797
VHL10666,4.524992832049244
VHL12919,4.090911292507015
VHL17972,0.08920905986852927
VHL10315,1.4301567203311032
VHL13868,4.737241149282442
VHL16268,5.264062088011404
VHL15979,-1.1763320388664542
VHL14334,2.9998147172301834
VHL19984,-2.2897372480890774
VHL15905,7.976966606553326
VHL14849,0.2873204540120617
VHL10077,-1.728449374303376
VHL12763,4.15974155932122
VHL13814,5.464094377795635
VHL18236,10.488704983600444
VHL18380,-3.2469032855574453
VHL11075,-0.18791331213978305
VHL10482,-2.368533447096991
VHL10117,3.5864540621965233
VHL13673,1.9631342210116707
VHL17221,-1.489377424391967
VHL11240,-1.7277211175473857
VHL12562,4.283233627796232
VHL13799,-3.126867964524658
VHL13466,-2.497071116320251
VHL14698,8.2995224961505
VHL15372,1.968888513969864
VHL13032,-0.11634346181624504
VHL13600,-6.055452215315877
VHL17335,1.5462426580261148
VHL15519,-0.80263061542774
VHL19609,-2.15277704585174
VHL12581,1.009885666387483
VHL18738,-4.160007889572449
VHL15107,-5.378304059989017
VHL16177,1.9308546882024
VHL11709,-2.5668520609761014
VHL14469,1.8516953779663208
VHL13687,3.7285286016314756
VHL16412,4.149187059056888
VHL14864,-1.2874470758205503
VHL15725,8.366892016625792
VHL17141,-3.482498389989576
VHL10991,17.155169250645088
VHL10678,1.2607397037325019
VHL13889,-2.926032855301024
VHL17084,12.3631311339712
VHL15443,-6.534908776269833
VHL10783,0.4154481062598994
VHL19744,0.4191994431011448
VHL18331,6.9935458104420976
VHL16307,5.313373523602891
VHL18003,-1.9495187000515355
VHL10838,2.580211845238741
VHL13320,-2.2128616410380455
VHL19953,0.07828509106144062
VHL19152,21.47908010410931
VHL15913,-0.3437617567042445
VHL15341,-1.165638231573582
VHL14269,2.385960415209332
VHL10263,5.046200875457081
VHL10559,2.7163878929759875
VHL17221,4.247106258413694
VHL12379,5.627761002852341
VHL18253,15.371163145102384
VHL11172,4.612446818470364
VHL17213,7.6071695727329205
VHL18445,1.2861582835247332
VHL10808,6.014226552299692
VHL13851,7.1281161603739065
VHL18936,5.409123054076844
VHL17750,2.1393483713717516
VHL14279,2.5036193298557605
VHL17407,-0.7956710832637354
VHL17737,1.5865076847799473
VHL11196,3.6605339146293567
VHL10773,5.7167621814073355
VHL12028,2.9095845146350037
VHL19833,1.1978978714231243
VHL13566,3.4207797613755706
VHL18282,22.66921353169376
VHL11015,-13.243157313811134
VHL16696,9.220310450457852
VHL13980,14.501646629216674
VHL18337,-0.98505887969801
VHL11330,16.146697786790288
VHL14873,1.9126570503708737
VHL15435,7.258004850998126
VHL13861,-4.946931990703458
VHL12073,2.9928568911724525
VHL15320,2.0897645871542907
VHL17850,7.4735994035098985
VHL16757,6.729835342520808
VHL15181,0.5579854165070713
VHL14613,5.336728815962007
VHL17238,0.4126090355580582
VHL12083,2.3875863758803324
VHL16344,0.9763487250795068
VHL19413,5.302624183193256
VHL17430,3.2173354633842055
VHL14996,15.600770232502107
VHL13423,6.042165501361878
VHL13162,0.5144103613380023
VHL14672,-5.46481909191105
VHL12020,-2.121587406331963
VHL16103,-1.2460379867608091
VHL10650,17.99496134484582
VHL15234,9.471462025962923
VHL11305,0.8031436701737137
VHL18180,1.0932626182196816
VHL17458,2.764359146339535
VHL15835,1.6242178732260066
VHL17211,6.476792989403669
VHL17209,0.25656572776852055
VHL18693,5.414913291415075
VHL18975,0.3884363610449822
VHL18976,4.112793884725234
VHL15391,-0.5070170394023098
VHL13071,1.033369594309618
VHL19241,-0.5168534301396486
VHL14944,3.7633288759526984
VHL19128,1.0000313560728973
VHL18577,0.5320917305578723
VHL15429,9.467037682324154
VHL12217,5.569884612097096
VHL15705,-2.4050673568133987
VHL19888,2.5363644351622945
VHL11906,2.6570112673348465
VHL15757,0.17549478110306715
VHL11938,7.820118377619089
VHL10969,0.9141352205401887
VHL11777,-2.2086009945978287
VHL16275,18.938963953347837
VHL14235,-2.4050673568133987
VHL10496,3.9836531046746617
VHL18481,-3.385019196508973
VHL17185,1.03783779568147
VHL15960,0.5317167770333104
VHL11313,-2.567550712085231
VHL11288,5.756578942013479
VHL12337,10.018688603351041
VHL14268,15.63458495369977
VHL10015,-2.340179848214819
VHL16136,11.017736103036663
VHL17903,4.837685294787763
VHL14018,-3.0981287235640473
VHL17473,-3.1145423805772885
VHL11480,4.0267920104217865
VHL13881,-1.1756780137990601
