,VehicleID,Amount (Million Naira)
0,VHL18518,49.69985928790338
1,VHL17149,73.23133926968524
2,VHL10927,53.814119737997586
3,VHL12909,52.94729205396158
4,VHL12348,67.89607705088551
5,VHL10798,49.04806477370403
6,VHL11022,60.917786802492536
7,VHL12206,49.47773063310433
8,VHL11697,52.92735849427903
9,VHL12313,43.46266146772787
10,VHL13411,49.20030718274495
11,VHL14334,43.85443540050049
12,VHL14302,47.957951046332994
13,VHL13979,54.092012910120005
14,VHL12272,49.18107613713079
15,VHL15071,46.79408772172523
16,VHL19166,49.79936723578257
17,VHL10471,49.633157903848456
18,VHL18431,51.98456948100016
19,VHL12325,48.99326044497032
20,VHL15657,52.74432275853821
21,VHL13667,42.684286259037606
22,VHL18913,36.84630571750036
23,VHL13273,35.28931572215302
24,VHL16576,54.89291163992159
25,VHL15506,51.987466340630235
26,VHL10460,43.25029990749517
27,VHL16050,58.87454584591691
28,VHL17918,45.450027324232096
29,VHL12992,54.196307085314515
30,VHL10261,45.226067733603784
31,VHL18348,54.269096794333066
32,VHL11577,49.833244693302305
33,VHL16957,55.533200535829444
34,VHL16165,41.518684213464255
35,VHL11441,70.39782267637942
36,VHL19990,45.903233462861834
37,VHL14072,45.226067733603784
38,VHL13637,25.610254454426688
39,VHL10757,50.06967923259704
40,VHL12657,44.870780394551545
41,VHL19939,43.33545548439274
42,VHL12094,57.10548608468652
43,VHL17177,47.53905628873053
44,VHL16720,55.07786555322667
45,VHL11478,53.01090960208181
46,VHL14386,41.4970186673009
47,VHL11341,49.43929997149463
48,VHL18683,49.05955957281965
49,VHL13430,57.36405546448486
50,VHL18932,22.695905250429732
51,VHL17505,55.97667695309758
52,VHL16272,81.98147816157488
53,VHL14777,54.31675837098569
54,VHL13186,68.94891037329337
55,VHL19383,52.93349589732786
56,VHL14605,41.91043957284603
57,VHL11440,47.82254795604604
58,VHL14303,73.01028482304642
59,VHL19478,41.91251832070148
60,VHL17837,41.19942298329428
61,VHL12824,49.38781770211665
62,VHL17476,46.9841476996682
63,VHL18988,54.500738185503266
64,VHL19482,41.393694506400365
65,VHL13263,68.77199469238886
66,VHL17078,49.43929997149463
67,VHL19170,46.2057835884815
68,VHL18070,43.38061084672099
69,VHL18061,54.491660258152734
70,VHL10726,36.31798437778809
71,VHL19212,6.518795417275678
72,VHL13283,9.976464211501753
73,VHL14023,1.6223588118756478
74,VHL16973,7.794566471397523
75,VHL19653,10.822337094318264
76,VHL18605,20.883610540701895
77,VHL13287,-2.1414028244456946
78,VHL15719,8.331128404933608
79,VHL19636,19.52128536892635
80,VHL11009,10.906240156154436
81,VHL18087,26.809654875699778
82,VHL14422,11.609795472029235
83,VHL15789,3.6492665710950374
84,VHL12369,14.835365886918279
85,VHL15812,4.06469135121166
86,VHL18767,3.3521129606099986
87,VHL19271,5.75707670167251
88,VHL17403,9.840734632955488
89,VHL12967,5.541523887114087
90,VHL19998,22.279653669331367
91,VHL12336,2.6411045595213465
92,VHL10328,11.946449982379432
93,VHL18908,10.019324358029706
94,VHL11127,8.222630352689624
95,VHL12655,11.703122916109542
96,VHL19086,10.770957831159272
97,VHL10384,20.65455476033602
98,VHL15712,3.0210548484840096
99,VHL11054,2.421983123016093
100,VHL16505,16.08509887409778
101,VHL10534,12.656093522158217
102,VHL14120,14.262952555267079
103,VHL10206,25.923000151329752
104,VHL13595,14.401061551757671
105,VHL15887,19.242980502423222
106,VHL12672,17.56524535692234
107,VHL19770,13.746235732983644
108,VHL13026,8.209957551952696
109,VHL12635,3.802956149924572
110,VHL14014,6.161507505643973
111,VHL19238,13.025476164341093
112,VHL18156,12.810329822301764
113,VHL13087,19.643295326453682
114,VHL13743,14.317341067852933
115,VHL19323,6.332601396358096
116,VHL16129,2.035650362133421
117,VHL17626,5.0662042428252825
118,VHL14525,8.465946617649529
119,VHL15597,6.033422989633678
120,VHL19429,13.770208727081082
121,VHL14074,6.363432953559769
122,VHL17422,-2.5639905140740025
123,VHL11861,20.536460748241495
124,VHL19828,14.04469103459193
125,VHL14000,36.474381684496954
126,VHL12312,17.30227480799145
127,VHL16257,15.430911384197486
128,VHL14859,12.05884250095365
129,VHL16048,11.961446200114352
130,VHL14039,9.497632826279052
131,VHL10296,7.778651478354874
132,VHL14949,10.311813537953402
133,VHL17034,24.770247895238295
134,VHL17149,6.659458949660973
135,VHL19677,23.57358164579449
136,VHL14433,4.108784793141366
137,VHL16582,5.571416547593396
138,VHL10059,10.652297267745553
139,VHL17140,-1.4598359606975713
140,VHL10364,12.564509645453256
141,VHL16932,22.604705771199555
142,VHL18587,22.51955772643036
143,VHL13635,15.668982915583793
144,VHL18371,27.286060781137245
145,VHL19622,4.121869974850214
146,VHL18669,9.909074466162446
147,VHL17359,13.525417847927828
148,VHL19788,5.75885787777835
149,VHL19078,5.761562482541073
150,VHL12673,5.309441771720908
151,VHL17895,16.287199927864656
152,VHL18950,9.131417611372086
153,VHL13562,7.92106940624018
154,VHL11306,11.926908590933607
155,VHL15496,9.961838194680844
156,VHL11927,3.271340087742486
157,VHL10392,56.731137507885
158,VHL14124,10.508177033418896
159,VHL12586,20.893248200549642
160,VHL12895,21.25911553178382
161,VHL18481,24.443523741718312
162,VHL11310,4.253185737150968
163,VHL15810,0.1620931173299729
164,VHL16037,-0.9708117705666734
165,VHL19627,27.292944270644337
166,VHL11152,19.633166442158384
167,VHL17698,7.803281004049345
168,VHL19815,4.653952099310491
169,VHL18192,10.596661356316488
170,VHL19720,17.480832280210812
171,VHL11686,16.135321120688342
172,VHL18649,4.594214929421337
173,VHL12765,13.565774105536136
174,VHL10026,13.550987477946416
175,VHL11001,22.992023616490748
176,VHL13433,13.639676188430279
177,VHL17827,17.70641973741519
178,VHL12344,21.498774652578227
179,VHL17308,23.656057893035218
180,VHL18722,25.166482866438617
181,VHL17199,19.321184777953633
182,VHL15338,23.18962037734617
183,VHL16946,1.704005899441927
184,VHL11039,6.960921064846171
185,VHL18017,4.816587066007232
186,VHL15945,25.3789054095095
187,VHL14724,22.83069881315791
188,VHL15314,4.639705146082138
189,VHL14276,12.345074892121794
190,VHL17883,8.574463223103022
191,VHL14385,9.235312952743383
192,VHL18665,18.924696502095717
193,VHL15936,12.444343644913495
194,VHL19518,17.168209714780083
195,VHL13530,0.49565151728180235
196,VHL17861,31.98558781731969
197,VHL10966,9.145936066648058
198,VHL11652,1.327522204180908
199,VHL16641,11.017830339028663
200,VHL12017,15.22140614076927
201,VHL14856,19.22176075470628
202,VHL16801,4.466852491611842
203,VHL16814,28.7839414338625
204,VHL13748,7.341937869085464
205,VHL13104,25.379879924276445
206,VHL10022,28.027502144206284
207,VHL14787,7.656634021059604
208,VHL19015,22.928364590441767
209,VHL11089,10.438503587791253
210,VHL13873,24.56337704446885
211,VHL15486,11.024178458478058
212,VHL13253,5.877939673425728
213,VHL15232,4.289712714986873
214,VHL18914,22.390997129886937
215,VHL14922,3.818312552367588
216,VHL14541,20.919494952988487
217,VHL15820,28.689936908640632
218,VHL10710,6.679199015016142
219,VHL11752,5.5558129508909975
220,VHL13868,20.252297966271872
221,VHL17442,14.253996662559958
222,VHL14571,4.748920707705152
223,VHL17155,3.9871159727016074
224,VHL11093,18.772335325642942
225,VHL18280,6.05236952983423
226,VHL18425,6.129102972384818
227,VHL10175,26.423834077722432
228,VHL15307,14.026785197089911
229,VHL18062,5.614572825763833
230,VHL18972,10.73232802392722
231,VHL11185,5.550573896223202
232,VHL10343,6.928256766993796
233,VHL10450,11.968656526015788
234,VHL19621,8.115887716850962
235,VHL14502,11.917645628231096
236,VHL12768,9.858827856946712
237,VHL19922,5.080895397912391
238,VHL10824,6.8636196849051085
239,VHL16646,6.549279211822437
240,VHL15462,12.760395250929395
241,VHL15801,12.830124957679889
242,VHL10322,8.168244901671898
243,VHL15613,9.513881369200003
244,VHL17756,12.513516432518383
245,VHL16186,4.779619163110269
246,VHL19061,20.02964482092394
247,VHL13446,3.055045151443746
248,VHL10599,22.233242960918723
249,VHL18255,11.718163954234008
250,VHL17948,17.713880141450247
251,VHL17616,16.177031391969628
252,VHL17664,39.316958800661766
253,VHL18299,5.003075551844659
254,VHL18959,13.081533209800217
255,VHL10473,13.698436509257135
256,VHL17271,19.716095982277146
257,VHL19798,7.714205821644438
258,VHL17935,35.051112128428954
259,VHL10245,21.1978695519643
260,VHL15041,10.206586635875924
261,VHL15001,27.25794772021699
262,VHL16287,1.209877156246845
263,VHL13974,17.944413723158586
264,VHL15764,14.023394935315638
265,VHL18888,4.045945334655288
266,VHL14882,14.262952555267079
267,VHL19424,3.904585555883164
268,VHL13785,12.186261329157066
269,VHL10783,26.91940484497659
270,VHL19808,25.510648570541267
271,VHL18890,17.19645221783303
272,VHL13440,29.641660292059868
273,VHL13285,20.707711582877806
274,VHL18805,15.841693435510406
275,VHL18550,4.929911347794483
276,VHL10061,12.966056788606267
277,VHL18522,19.105124714089968
278,VHL16813,1.1880874983643774
279,VHL11036,23.162189774113784
280,VHL12107,4.133825913106391
281,VHL17826,1.9165806876048124
282,VHL14449,23.969897340411656
283,VHL14938,12.23119058019526
284,VHL14098,9.357978865372173
285,VHL19241,15.175640513399461
286,VHL17856,15.437546278282088
287,VHL18900,11.609795472029235
288,VHL11133,13.766393745590886
289,VHL11687,21.93230498597783
290,VHL12719,5.225040576578853
291,VHL15531,3.962764213511796
292,VHL17329,16.412777346697066
293,VHL16806,8.271636171693032
294,VHL11582,21.826277293064535
295,VHL16362,4.135775650105131
296,VHL11119,12.264596446192407
297,VHL13806,7.578193977220328
298,VHL11733,14.543844091232978
299,VHL18959,9.521671554877216
300,VHL17287,9.165359852089251
301,VHL11709,9.176744998073174
302,VHL19793,3.991402422786662
303,VHL19880,10.83814636890735
304,VHL19964,29.61686161199837
305,VHL12784,5.507070597043365
306,VHL17371,19.25503123374841
307,VHL12439,15.969754809331622
308,VHL16652,10.266615424717354
309,VHL17836,38.000746632365285
310,VHL16597,17.605709424683052
311,VHL18707,8.350269671488766
312,VHL16683,25.28132588355798
313,VHL15365,13.250161072433674
314,VHL13507,33.13017474196354
315,VHL14459,6.930762091855118
316,VHL19300,4.908492970174721
317,VHL18418,23.935307202068877
318,VHL15350,11.014662660565069
319,VHL15927,7.250387921502464
320,VHL12985,2.125141687925847
321,VHL10426,8.89088364911454
322,VHL10506,0.42341048357339073
323,VHL11042,14.170825673340378
324,VHL18043,-5.162397430648253
325,VHL16258,14.924525884308512
326,VHL19326,10.864860472528319
327,VHL15424,0.14173336143316817
328,VHL19014,13.158972568403044
329,VHL11310,21.43871716067327
330,VHL12927,25.355110559881794
331,VHL10082,24.305102102764977
332,VHL10068,9.459644876577432
333,VHL13660,15.781629773836194
334,VHL18810,10.216518993675628
335,VHL17666,11.92721127524906
336,VHL18022,14.176122308968546
337,VHL11237,6.456552200750674
338,VHL17240,10.705642923445458
339,VHL13512,2.9727562885437724
340,VHL10596,13.652097557611244
341,VHL10073,21.107604793406843
342,VHL13719,34.17517907381385
343,VHL10077,13.976927714902132
344,VHL13151,8.37280413468067
345,VHL12499,5.926312122219712
346,VHL18832,7.302769212243803
347,VHL16790,2.300504427603628
348,VHL13880,6.303737093598438
349,VHL19448,26.29239907760057
350,VHL15860,5.440443299155909
351,VHL14538,13.637161951874209
352,VHL16505,5.555584412543743
353,VHL11544,28.786037402880275
354,VHL19830,5.794242833830184
355,VHL10194,0.8082398900594412
356,VHL15744,25.871290926858833
357,VHL10957,5.066547215724041
358,VHL12568,1.0987118756145882
359,VHL19448,6.955834203041678
360,VHL14417,6.903215599157002
361,VHL10368,-3.2379548763973176
362,VHL10806,1.9330993016124225
363,VHL17414,19.43163627232764
364,VHL14892,3.7986878699483624
365,VHL17933,8.240151420607397
366,VHL15852,15.689423519468097
367,VHL10505,12.311481295746091
368,VHL18345,12.302212835065411
369,VHL13294,7.584510089773488
370,VHL18253,10.216518993675628
371,VHL17152,3.3600191787360183
372,VHL12883,10.906240156154436
373,VHL16101,19.29447126289669
374,VHL15563,8.125015791218495
375,VHL10313,3.9953903848044163
376,VHL18291,7.7888903202672495
377,VHL13553,11.606998221447258
378,VHL11440,6.9237491557939945
379,VHL15887,4.704497642981549
380,VHL17489,10.548789636356933
381,VHL16271,9.336120192737782
382,VHL15007,-0.1674745638478119
383,VHL15329,19.784579914207242
384,VHL13826,18.802698150510643
385,VHL11568,11.157225678558605
386,VHL13578,0.9120501531943637
387,VHL16302,9.651262653302375
388,VHL12677,10.848579746031106
389,VHL18866,22.21670043937051
390,VHL11976,6.104948502212871
391,VHL17817,12.749070421515048
392,VHL16893,4.057378927988811
393,VHL11075,7.1375476945546925
394,VHL14865,11.541986739876577
395,VHL13535,29.458940529832223
396,VHL16299,18.732504807457865
397,VHL19327,23.482726120460732
398,VHL10055,-0.8250014383083122
399,VHL14258,16.15934955223028
400,VHL11527,10.382471819010403
401,VHL17682,28.35828567163629
402,VHL10073,9.08527674576589
403,VHL14599,10.830608227103209
404,VHL15495,3.8384137144434796
405,VHL13387,18.74922221989182
406,VHL19505,8.768665799112313
407,VHL16307,7.92666518666163
408,VHL11034,21.141616946270773
409,VHL13625,12.62770515347255
410,VHL19623,6.923572964834252
411,VHL10838,3.5999256289824486
412,VHL11711,14.383833062235055
413,VHL14148,15.310249292008661
414,VHL15745,8.354517345226398
415,VHL15705,9.863696685391883
416,VHL14767,6.411170310745632
417,VHL10108,13.477052908864717
418,VHL17818,2.426453469858854
419,VHL18324,14.69057095848826
420,VHL19741,4.302400409890556
421,VHL11815,5.420542042481778
422,VHL18939,7.210158455785431
423,VHL18042,7.929162915883282
424,VHL13176,10.933425164253958
425,VHL16859,6.764271168752796
426,VHL14405,10.544608155061649
427,VHL14751,13.376755719591799
428,VHL18416,11.717781357692811
429,VHL13952,5.01551562687543
430,VHL14726,16.151845630267648
431,VHL11889,19.44045441347387
432,VHL12851,12.134352099772403
433,VHL12862,37.085127244433494
434,VHL14262,-14.32036866385328
435,VHL13520,12.640772237116629
436,VHL14967,19.342266086993245
437,VHL14728,17.671532573240725
438,VHL15340,9.493454192405103
439,VHL14760,32.207954606192736
440,VHL18498,13.302245974462693
441,VHL18440,4.615917125762241
442,VHL18477,6.001264955772626
443,VHL16456,33.36291467839746
444,VHL19596,6.541326669427126
445,VHL19616,11.300056976426212
446,VHL12885,4.851419693298439
447,VHL13080,5.550573896223202
448,VHL10988,4.4911825594946215
449,VHL16251,14.189961600697101
450,VHL16941,2.420054597277994
451,VHL19708,1.0077477238599981
452,VHL13116,15.15354470466809
453,VHL17823,7.363817212535037
454,VHL14587,13.666715685242622
455,VHL16807,10.445088606929206
456,VHL15706,4.804007125798134
457,VHL19568,5.494703112042245
458,VHL12877,22.10971354281336
459,VHL16412,23.764537417617916
460,VHL18036,13.773968906608694
461,VHL16860,13.707241109050289
462,VHL14755,20.937033020236008
463,VHL19234,27.152792078702348
464,VHL13272,4.996057104625979
465,VHL16892,12.284347702900156
466,VHL17413,9.64387919365748
467,VHL18817,6.302201793574138
468,VHL11681,5.557557431271089
469,VHL10192,14.316102529890664
470,VHL16374,2.2765068413369662
471,VHL17630,6.148606645048581
472,VHL15610,3.4508148206279095
473,VHL11364,4.420715196584803
474,VHL13136,3.3069153051944813
475,VHL10038,14.015570429816286
476,VHL12580,11.303872690626395
477,VHL14253,9.53865080233588
478,VHL17421,19.766740518760386
479,VHL15458,11.17819477947484
480,VHL12574,2.609719263200837
481,VHL14109,12.84859708757217
482,VHL15943,16.889590673637652
483,VHL17404,13.601928429671215
484,VHL14940,14.984006035878739
485,VHL16625,16.448494837986132
486,VHL12066,11.62376367996101
487,VHL12899,8.34136472724359
488,VHL11652,15.85088525083741
489,VHL17554,8.66248969983911
490,VHL11567,6.416620181132807
491,VHL10163,6.563227426945583
492,VHL10355,9.357468855479112
493,VHL12041,23.53425853412877
494,VHL13416,7.714205821644438
495,VHL15974,3.2790824831889305
496,VHL12082,4.779225362735367
497,VHL12319,4.3679580938439795
498,VHL12556,8.733660714783356
499,VHL18675,7.578071798880016
500,VHL13381,6.121022588369886
501,VHL14325,17.0243758624296
502,VHL15875,17.03179021095015
503,VHL10638,1.2556146495995657
504,VHL10544,6.31521255048364
505,VHL11654,15.099018060501109
506,VHL14423,21.254572035922706
507,VHL14569,6.798843772187885
508,VHL15007,16.307181758193234
509,VHL18221,19.214782900466815
510,VHL10785,6.127309499814203
511,VHL16546,14.375881173565062
512,VHL19173,2.818162442565616
513,VHL11731,13.624657340887484
514,VHL18180,16.29344881715414
515,VHL19452,8.208596558020389
516,VHL16163,5.838486869391694
517,VHL14877,3.9594108602172486
518,VHL10102,27.760658563048842
519,VHL16046,2.3849183846147133
520,VHL13684,4.67532018374577
521,VHL18749,12.083122295007033
522,VHL15304,9.371289149256015
523,VHL10117,2.0623742768468123
524,VHL19957,3.674886489705577
525,VHL19132,6.326272897120687
526,VHL15383,5.825339509526567
527,VHL10136,3.8885654200616155
528,VHL17919,5.876697043171494
529,VHL11444,12.464580718855213
530,VHL18795,4.8264302792468685
531,VHL12062,8.37783352245126
532,VHL15890,4.2573836892343415
533,VHL17372,1.8864437655874768
534,VHL12038,6.085994438739599
535,VHL19368,4.419260943639798
536,VHL10476,8.353816049713963
537,VHL14079,20.63786099613729
538,VHL10401,9.300040292745443
539,VHL12810,11.381957199428692
540,VHL19466,10.610711192781203
541,VHL15757,12.079213219512223
542,VHL15894,17.53814965392591
543,VHL18056,18.541093865765166
544,VHL16634,17.517460889532803
545,VHL16608,17.25961601380525
546,VHL19831,7.341944704690774
547,VHL13863,14.280265181565563
548,VHL11159,11.927889762492661
549,VHL15412,19.134529386994842
550,VHL10730,9.950338569081618
551,VHL17248,10.728689878275485
552,VHL16421,30.074246675706686
553,VHL11328,19.242980502423222
554,VHL18439,8.002644648455966
555,VHL12340,19.378151831270014
556,VHL10461,13.006836117711632
557,VHL15024,17.28995159796964
558,VHL11850,18.710752453575665
559,VHL16423,5.2991024268425875
560,VHL16427,26.58518519128325
561,VHL13444,2.541539964856885
562,VHL16609,6.337161401423948
563,VHL11522,7.651546629917334
564,VHL11433,2.9321722094517404
565,VHL15853,8.653975601201084
566,VHL14168,12.654753672296945
567,VHL19004,2.970878741421029
568,VHL10827,16.1847127546651
569,VHL19998,30.924491181270824
570,VHL14997,6.116357943319037
571,VHL15827,6.3678547319833525
572,VHL18844,6.996789243650403
573,VHL10076,14.712409420579057
574,VHL16342,8.911674509473908
575,VHL19420,5.837223657956375
576,VHL12762,4.093500513606839
577,VHL16916,14.288377485550095
578,VHL10660,15.693875718742154
579,VHL18142,8.48932706303501
580,VHL13721,6.114337491655128
581,VHL18101,1.9702620667536141
582,VHL11732,8.801883793574362
583,VHL14351,20.470724362721075
584,VHL16617,8.864473959447137
585,VHL13840,10.037780456302585
586,VHL10596,7.681528777163331
587,VHL19148,5.871932622692724
588,VHL16845,13.443424676658069
589,VHL17262,3.387223851398748
590,VHL17801,-0.5025213300678302
591,VHL18039,8.611073518833749
592,VHL15369,21.93306228548806
593,VHL14483,37.736199451932336
594,VHL19700,19.097211871353615
595,VHL15877,6.872717275242525
596,VHL15552,8.583219566935343
597,VHL18756,8.82349357869944
598,VHL10301,11.76867487857928
599,VHL17678,5.900791061442549
600,VHL17604,7.035083507492335
601,VHL17969,4.196954677632943
602,VHL17089,31.49901411304608
603,VHL13239,15.30843760648446
604,VHL12466,13.38958612963592
605,VHL16020,24.90387818319047
606,VHL15014,6.959910379731025
607,VHL13302,-0.5840288645004326
608,VHL17986,19.504094446005933
609,VHL14724,8.715067514096969
610,VHL15147,1.6369572535941965
611,VHL15325,17.617183762946965
612,VHL16131,11.1710320661517
613,VHL14868,9.97267932064903
614,VHL15382,11.330655797419906
615,VHL12164,0.023442371954814245
616,VHL11723,12.965769479484688
617,VHL14888,14.489579453995324
618,VHL17997,0.46637277763221974
619,VHL11576,-0.5567245240583216
620,VHL16048,10.000882070489702
621,VHL17795,25.605463469359744
622,VHL15642,9.615966679013292
623,VHL13953,6.485038970656736
624,VHL10189,17.709710206443688
625,VHL13338,31.64122915639888
626,VHL19247,6.653958543197911
627,VHL16429,5.4088571128767935
628,VHL10272,3.148676034203309
629,VHL12716,11.89537451137722
630,VHL12652,2.808108277770318
631,VHL13545,1.9993037922195431
632,VHL11323,15.21132545428405
633,VHL15121,3.780630344021841
634,VHL17568,2.251104275211789
635,VHL11886,8.860938809680821
636,VHL17402,12.63178728367431
637,VHL10243,6.9790915012991785
638,VHL13407,9.82898127033209
639,VHL12149,8.002461322918819
640,VHL11037,6.462625494825033
641,VHL17924,21.03269425167324
642,VHL12180,5.922098010232386
643,VHL14683,5.7276278766153315
644,VHL18920,4.420758033543311
645,VHL12024,27.734077507772774
646,VHL13968,20.9589174862135
647,VHL11079,4.933167136027364
648,VHL14355,23.8922349715155
649,VHL11824,5.612242281033568
650,VHL19942,6.354655003207296
651,VHL12917,9.870443321322497
652,VHL15326,8.80361126706415
653,VHL13585,18.865737991765812
654,VHL12069,14.700281868081756
655,VHL17056,6.124596359379813
656,VHL10515,15.096103388336019
657,VHL16435,21.80172126499575
658,VHL17564,2.292342696052695
659,VHL18798,23.034701839263107
660,VHL10222,7.900205384303408
661,VHL17645,10.409383461450854
662,VHL10810,29.187215880924505
663,VHL14216,7.589272751916834
664,VHL13799,5.027039453030826
665,VHL19965,3.3886251055348384
666,VHL18568,5.554839813251675
667,VHL17957,27.481838648209802
668,VHL11023,7.4117531085372335
669,VHL17797,4.604183547683669
670,VHL16174,3.214992077375773
671,VHL15112,11.398267144193008
672,VHL10167,18.195969597034534
673,VHL18749,9.950338569081618
674,VHL16276,10.7150138907919
675,VHL15593,5.592573181116741
676,VHL18474,16.313765326810042
677,VHL13000,12.523864797423872
678,VHL10796,14.608665726880252
679,VHL16443,13.935789539848717
680,VHL13954,10.263311467914853
681,VHL12761,5.879157496574766
682,VHL17916,14.465761339458988
683,VHL13145,7.367245894037038
684,VHL19331,10.553625535355055
685,VHL15623,12.35468036919724
686,VHL13922,2.1982061562632484
687,VHL11222,3.916989368546458
688,VHL15425,6.03179359948814
689,VHL19072,14.016861812822725
690,VHL18649,8.599047402875865
691,VHL14730,12.12277647601455
692,VHL12512,20.993123191808408
693,VHL18486,20.248914256831227
694,VHL13182,1.003267266078351
695,VHL19735,8.086636336898735
696,VHL13370,3.4209875142212467
697,VHL15038,11.159516299562918
698,VHL13034,15.95358182395372
699,VHL16581,17.12264731265456
700,VHL12113,12.547994624348544
701,VHL16914,10.450385672813717
702,VHL18231,20.743695584692595
703,VHL14192,11.504527741679217
704,VHL10404,7.722047781802224
705,VHL10084,6.843453294126796
706,VHL13855,3.4026254371430684
707,VHL14027,12.071698914700805
708,VHL16209,9.401479413818715
709,VHL11144,13.529338599234741
710,VHL18646,8.301650398594406
711,VHL16431,20.425883848202915
712,VHL16873,17.217370824856147
713,VHL19594,9.255059803153072
714,VHL18630,7.730783199013311
715,VHL17288,4.129109689479842
716,VHL13113,5.818954644714351
717,VHL18865,19.069912347265657
718,VHL18260,22.55830497535603
719,VHL13198,16.98655737602305
720,VHL11475,3.4083273547962856
721,VHL18584,10.6263332960146
722,VHL14768,12.60219668844023
723,VHL16073,8.73650555165766
724,VHL15742,12.745883945097457
725,VHL18879,9.294211758415214
726,VHL12038,11.759641641125011
727,VHL19728,5.03898774319809
728,VHL17986,3.9102889994004757
729,VHL18819,12.242107836897583
730,VHL12225,17.71114125205434
731,VHL19157,10.80277265245682
732,VHL19615,19.984554186230127
733,VHL17175,5.141126093098329
734,VHL13050,5.906407908428493
735,VHL13123,10.938045641927152
736,VHL16065,30.294856330113177
737,VHL12484,13.127003350501184
738,VHL11338,21.84124088920713
739,VHL17289,10.216518993675628
740,VHL15447,20.529922692462375
741,VHL18803,15.124061434410411
742,VHL18294,15.280345999740534
743,VHL15133,15.828850024979333
744,VHL10657,4.419387534889509
745,VHL10619,9.451048765036035
746,VHL17912,11.322036946323962
747,VHL18164,6.280562044878823
748,VHL14504,5.28196063556621
749,VHL18885,7.300603216367681
750,VHL10118,4.538407246252378
751,VHL17852,11.737409300893624
752,VHL18834,13.87416929905654
753,VHL11508,12.884647524168088
754,VHL17633,10.014225081741007
755,VHL15893,20.963282245543716
756,VHL14089,10.387128291410148
757,VHL18800,4.789027236768941
758,VHL12314,3.316668112961587
759,VHL18047,5.992598021771775
760,VHL11118,26.277479494281994
761,VHL17922,3.9895373922620148
762,VHL17121,4.309675654997308
763,VHL13960,13.641833299919043
764,VHL15350,6.221502334734479
765,VHL17939,7.490776171982317
766,VHL11888,14.56037678274853
767,VHL17044,4.27279479273602
768,VHL10290,4.91808338387325
769,VHL19497,19.560517315626562
770,VHL17807,28.614084982328052
771,VHL11467,4.819419190678989
772,VHL14703,15.959723045796887
773,VHL17518,12.565998473711645
774,VHL19578,10.650809320225815
775,VHL10425,-11.1710224595854
776,VHL11304,10.528001136096776
777,VHL10086,6.683209891852371
778,VHL19512,-0.12667756019408305
779,VHL13350,13.164591489868037
780,VHL12694,2.00839394716404
781,VHL12838,7.806955215317522
782,VHL16255,7.090483199163444
783,VHL15196,14.19056170878127
784,VHL16844,14.926675293266142
785,VHL10977,4.570437552574367
786,VHL18145,4.328231372714059
787,VHL12297,10.118054998329487
788,VHL15274,10.536156960155434
789,VHL15478,15.606599215402955
790,VHL16940,10.024919056304443
791,VHL14407,11.74354575384671
792,VHL19544,17.579180051197383
793,VHL10519,23.254999107031296
794,VHL16928,6.9938315782998846
795,VHL11692,5.5127264117940555
796,VHL15180,15.920530435882199
797,VHL19040,9.882636914940367
798,VHL11628,21.57498438940259
799,VHL19845,29.661503473843183
800,VHL16574,4.05003429189949
801,VHL14807,12.749314384995246
802,VHL11188,36.59256400599464
803,VHL18077,23.268457499786702
804,VHL14836,4.903780861366742
805,VHL13406,13.539757233956097
806,VHL18365,12.12848865889986
807,VHL18328,13.41516699788114
808,VHL14695,7.6576235935228
809,VHL12724,2.1153122951448884
810,VHL10202,18.2945276350928
811,VHL12815,29.438034716530773
812,VHL12630,4.571178346551095
813,VHL14283,18.87129749034489
814,VHL18698,8.051952552897152
815,VHL10141,7.808191332185553
816,VHL16204,14.263210254832726
817,VHL11310,13.346991846393433
818,VHL18878,12.659939784950225
819,VHL19310,12.977690558004692
820,VHL18219,3.977585536541642
821,VHL13108,4.405885027926221
822,VHL14070,18.026735277915307
823,VHL16891,11.35041048623237
824,VHL10398,7.475853552118504
825,VHL12755,31.546279384893047
826,VHL12995,11.368931044276872
827,VHL12158,18.886132678386893
828,VHL17814,14.047596208467048
829,VHL15098,32.09286846826427
830,VHL13066,12.650009063486078
831,VHL13362,4.164670159018255
832,VHL13443,7.063668498271701
833,VHL18173,6.600786346182964
834,VHL16277,8.399182230659743
835,VHL17380,22.154943274194792
836,VHL18129,4.542125338634757
837,VHL11891,9.71692104308461
838,VHL11042,8.788997196481015
839,VHL16137,27.042598388700256
840,VHL13400,19.619656058996803
841,VHL19399,7.688972183832121
842,VHL16723,10.62765008899553
843,VHL12416,19.693519739166558
844,VHL10350,3.4191249790653724
845,VHL13811,24.47295517215555
846,VHL13916,19.19150936817943
847,VHL11857,8.796423848159947
848,VHL12040,6.699452690983046
849,VHL10872,19.408820326910988
850,VHL14351,6.7242295191526384
851,VHL18230,11.2507746132882
852,VHL14851,8.581492312089559
853,VHL19426,4.542125338634757
854,VHL12795,8.59948078930232
855,VHL16882,25.53113507043015
856,VHL15924,2.99581621511478
857,VHL10807,4.166702016339728
858,VHL10611,5.273241752956603
859,VHL15296,26.350291130382775
860,VHL11333,13.63813153162538
861,VHL18616,14.89974378999894
862,VHL15633,2.5130540233285745
863,VHL15157,11.206039292892797
864,VHL16982,0.048328184529194296
865,VHL13879,14.162132895753977
866,VHL17585,4.230451259314851
867,VHL13116,14.848675060616518
868,VHL16982,15.12304639272257
869,VHL18017,-0.30964097100268484
870,VHL19155,9.899363021700806
871,VHL19997,8.584613783141313
872,VHL19660,8.117430547172056
873,VHL19990,20.269265813782997
874,VHL13582,-2.4286781126757813
875,VHL15998,9.066068062195864
876,VHL13285,2.7239703459125435
877,VHL16586,5.558919732297508
878,VHL15120,12.937453181403722
879,VHL14954,4.045945334655288
880,VHL18066,8.07385434283569
881,VHL13559,10.069325963704808
882,VHL14707,9.089041069270277
883,VHL12562,10.836158380325102
884,VHL15527,19.157012187702136
885,VHL12878,15.827483546899314
886,VHL12507,19.81748688642177
887,VHL14699,6.088069063356769
888,VHL14730,8.276226893929223
889,VHL16614,2.125194350081649
890,VHL13024,4.788534022232839
891,VHL19915,9.186757649775338
892,VHL13101,20.04509409075534
893,VHL13052,13.709035112251774
894,VHL19820,23.098699976653258
895,VHL11562,12.836752073251084
896,VHL16424,10.576043458562308
897,VHL10876,8.095145093835312
898,VHL12199,8.903138064926694
899,VHL17320,32.28474176078184
900,VHL13599,1.0944039868619782
901,VHL15761,6.040410016710141
902,VHL12114,11.569170455243729
903,VHL14797,11.938449366240693
904,VHL10360,5.5635224223072495
905,VHL11344,11.896431734065162
906,VHL13709,5.978251031657823
907,VHL19962,24.150059467068402
908,VHL11021,8.34762303887872
909,VHL11988,9.618787403570295
910,VHL18459,14.129568410659289
911,VHL12547,5.533738609133746
912,VHL17688,18.569610561376674
913,VHL10267,12.331660483613337
914,VHL17363,33.173171680325886
915,VHL19946,6.128564539977073
916,VHL17698,10.298311793955019
917,VHL10234,14.946328837581241
918,VHL13897,21.21686250558411
919,VHL13543,4.2028862514402245
920,VHL11002,5.31032430983709
921,VHL19102,-0.23278027650320965
922,VHL17633,2.830746439996711
923,VHL18124,21.880038509024654
924,VHL16120,-4.957984099329564
925,VHL19186,5.01931040486125
926,VHL18664,5.550396555366601
927,VHL17083,11.014634613395422
928,VHL13077,11.207188608039052
929,VHL17267,12.281206426390646
930,VHL18565,11.986627672626652
931,VHL13814,13.823590232669082
932,VHL18967,29.18901535959106
933,VHL13503,27.088301580247908
934,VHL13644,11.856768079864455
935,VHL17079,4.542125338634757
936,VHL15239,12.199612893657076
937,VHL17245,16.29403336637374
938,VHL10153,11.125271847001134
939,VHL19693,22.096884320641628
940,VHL10773,5.687074900162428
941,VHL11413,27.75158731425168
942,VHL10223,13.182837892501707
943,VHL18530,17.64850639831215
944,VHL12551,8.75586214325227
945,VHL17602,5.860412355993407
946,VHL13375,8.896497239484892
947,VHL13337,6.058436701729136
948,VHL18551,10.321161830857958
949,VHL17882,2.932521885815251
950,VHL17761,7.926195315525776
951,VHL12646,13.528048881995527
952,VHL15219,5.8805628187025185
953,VHL14365,15.170461603538048
954,VHL16915,10.34392471390923
955,VHL10906,27.44897720451204
956,VHL13513,13.978634576812176
957,VHL14542,47.32774786849747
958,VHL14200,3.1448900951711565
959,VHL18013,8.50298934326212
960,VHL14772,11.951053972090353
961,VHL13641,13.287482627925034
962,VHL15001,11.661593964154285
963,VHL10409,18.154286357075026
964,VHL12698,18.091191781178402
965,VHL14128,3.5117517171314434
966,VHL10621,11.761565370197756
967,VHL13729,9.247071822354954
968,VHL16191,25.61347879225022
969,VHL11188,1.6907405952296441
970,VHL14810,7.683286255416416
971,VHL16357,14.262952555267079
972,VHL18353,11.352102210708933
973,VHL15843,8.119806153523346
974,VHL10210,22.666938136909806
975,VHL17457,2.6752055078629766
976,VHL11022,22.814306023120174
977,VHL16541,4.430243616183963
978,VHL17647,13.064022687805167
979,VHL11229,10.2247134999684
980,VHL17996,9.677795553857903
981,VHL17089,4.004650880455639
982,VHL19543,5.0217844166735
983,VHL19715,23.90322629479032
984,VHL17944,12.753533722061091
985,VHL16820,29.959243347225634
986,VHL14857,19.606197057179727
987,VHL17512,14.909796492367006
988,VHL16649,4.045945334655288
989,VHL14838,11.61955545732901
990,VHL14568,2.905027832669615
991,VHL17525,9.987706864837296
992,VHL16117,13.366403335843751
993,VHL13135,4.420758033543311
994,VHL19812,3.26920917094199
995,VHL17027,8.816531768314675
996,VHL14654,16.038877751558203
997,VHL12420,2.7443412397987763
998,VHL10360,10.782019956827199
999,VHL13629,14.229085087685295
1000,VHL16737,6.887346958677048
1001,VHL15446,29.11539840893286
1002,VHL10946,6.682219359749389
1003,VHL13953,7.6524860935393155
1004,VHL17303,7.623710587858949
1005,VHL15447,7.398776074881634
1006,VHL12854,9.124744844298556
1007,VHL12567,18.797696518762
1008,VHL19137,13.43559385637199
1009,VHL19411,9.13582838315858
1010,VHL10923,25.488547003506564
1011,VHL17236,5.191392544667861
1012,VHL19462,21.48500691398309
1013,VHL13097,17.43699583103122
1014,VHL19969,21.156591084224203
1015,VHL11860,1.926231904711892
1016,VHL18943,-0.037294380863682974
1017,VHL11672,13.011123064538321
1018,VHL10815,10.229113247743653
1019,VHL16245,19.85425125537866
1020,VHL14969,26.377071366932125
1021,VHL19652,18.53664807689656
1022,VHL11330,0.8981501378771535
1023,VHL19827,2.9573183763414623
1024,VHL10484,16.896044530296983
1025,VHL11394,33.28302607126918
1026,VHL18787,2.429438116103825
1027,VHL11803,18.041556595935702
1028,VHL12784,12.544986020143511
1029,VHL17216,3.3193404076430424
1030,VHL10033,8.611775920432956
1031,VHL11776,11.569170455243729
1032,VHL14947,8.632218322739973
1033,VHL17522,16.961202692003322
1034,VHL14197,12.543939420523856
1035,VHL13071,8.196767635495528
1036,VHL17406,7.362489467895765
1037,VHL12174,21.28392703972107
1038,VHL12440,20.27183736281188
1039,VHL12462,3.5849232059777694
1040,VHL12158,6.116916293073957
1041,VHL14899,7.156591800920809
1042,VHL11281,8.394316456487276
1043,VHL10913,8.741910942974904
1044,VHL19630,4.397517557567576
1045,VHL19709,15.070343780271447
1046,VHL14819,10.906240156154436
1047,VHL15381,2.2440352120137317
1048,VHL14781,19.20993999908684
1049,VHL18728,12.043990995275916
1050,VHL16520,20.714240116438273
1051,VHL10643,17.353959143065477
1052,VHL19438,2.8362791070140534
1053,VHL14103,6.952963341820585
1054,VHL19088,12.590299344346322
1055,VHL15456,22.097984180459214
1056,VHL16411,6.116908259734088
1057,VHL19044,41.4680402915816
1058,VHL15194,2.533561849341081
1059,VHL11490,13.846496287029304
1060,VHL13904,21.853938144594135
1061,VHL15148,2.4505294085864624
1062,VHL10918,4.573385029869623
1063,VHL19119,12.045016722453438
1064,VHL10313,30.60948236903899
1065,VHL17176,15.861412994786898
1066,VHL17166,0.6498713834543417
1067,VHL11166,5.586699555739146
1068,VHL19144,8.552744703953074
1069,VHL17259,11.611623008440343
1070,VHL11965,3.4081641250138968
1071,VHL13791,13.668379213288599
1072,VHL12309,1.3935358733642738
1073,VHL18687,15.22559995532664
1074,VHL10199,7.692718170459421
1075,VHL18562,7.238279256999391
1076,VHL14042,13.789851503896186
1077,VHL19017,9.151352513321015
1078,VHL18805,9.720968964557576
1079,VHL18622,3.807062447305536
1080,VHL14045,3.921090898571964
1081,VHL17010,12.842861703428571
1082,VHL16993,10.297726449717803
1083,VHL16050,20.264000852418818
1084,VHL16363,9.90553681768334
1085,VHL10287,14.729877258555625
1086,VHL19873,11.867852035250177
1087,VHL15450,4.237881054177976
1088,VHL14789,8.047952448357481
1089,VHL14379,20.46136807717646
1090,VHL10911,17.891766688992643
1091,VHL10449,17.368165214616255
1092,VHL19705,35.682117979230824
1093,VHL14766,18.40004320027996
1094,VHL16203,4.537104196284891
1095,VHL14855,15.232792324528841
1096,VHL14661,14.806096767207604
1097,VHL19859,14.89974378999894
1098,VHL14028,2.0749637705564883
1099,VHL14991,12.680023715487014
1100,VHL15291,26.041683445624372
1101,VHL16047,14.06551285452657
1102,VHL12253,21.791278679778344
1103,VHL10428,14.780032480249965
1104,VHL15237,4.809187408369581
1105,VHL16101,12.028433284270061
1106,VHL16143,20.339428429906402
1107,VHL10257,15.055468663933349
1108,VHL16662,15.614383658700282
1109,VHL19799,9.761367031497393
1110,VHL14241,2.7263442072496904
1111,VHL17705,12.332667309901858
1112,VHL17529,11.303316101322439
1113,VHL15191,4.800503768104282
1114,VHL17451,13.50484964071418
1115,VHL17879,4.997062438079567
1116,VHL19264,14.763900274025945
1117,VHL19009,4.760565375698711
1118,VHL10568,36.30805346951318
1119,VHL19545,15.427721076625275
1120,VHL16822,4.1625072033782065
1121,VHL10957,13.5278210636904
1122,VHL15607,4.905284109924076
1123,VHL12093,0.2816464805895085
1124,VHL19096,7.489698207259309
1125,VHL18288,7.39164740398696
1126,VHL11310,10.492835002673154
1127,VHL19333,10.74887003908318
1128,VHL13823,12.827295717826736
1129,VHL19965,14.86011349539148
1130,VHL16917,12.349562879190392
1131,VHL11177,2.9502913759560716
1132,VHL16853,10.672431343025508
1133,VHL18554,5.240014479323352
1134,VHL18562,12.53822887934116
1135,VHL10753,29.195317721449598
1136,VHL16804,5.161728426742853
1137,VHL18774,11.533853005579587
1138,VHL15561,12.678563511227956
1139,VHL12265,9.849913450775581
1140,VHL10021,29.698775177096017
1141,VHL18216,9.804323439039983
1142,VHL18297,8.971777841751745
1143,VHL15781,1.7634261548167742
1144,VHL12134,19.779633676354848
1145,VHL12909,8.03802087466824
1146,VHL19963,37.37189648358844
1147,VHL16014,12.784006725528181
1148,VHL14675,34.12404486715094
1149,VHL19999,8.638759061958773
1150,VHL15433,7.899497207818112
1151,VHL12937,10.77219521916808
1152,VHL11373,28.649157790005024
1153,VHL17859,22.390997129886937
1154,VHL10314,8.067513491504485
1155,VHL18773,1.9819140199195195
1156,VHL16942,5.368418756695452
1157,VHL18334,14.779654538547971
1158,VHL17910,12.0233361179844
1159,VHL18494,15.041872729687949
1160,VHL12860,5.5563731686290225
1161,VHL10204,4.999332408090733
1162,VHL19924,6.173656945396836
1163,VHL13255,3.3562396537635077
1164,VHL12057,9.27724716212485
1165,VHL19296,21.842631279873554
1166,VHL10104,11.65083036127307
1167,VHL14185,10.804651755048154
1168,VHL15914,13.463359849257756
1169,VHL11633,2.6850798998994896
1170,VHL10331,14.27414465118105
1171,VHL15981,11.590289126481878
1172,VHL18376,20.41611025209844
1173,VHL14890,3.8407585692067707
1174,VHL14283,19.321184777953633
1175,VHL15877,8.578626911102173
1176,VHL10019,20.936536449804464
1177,VHL10439,1.4430994250565443
1178,VHL18436,8.139094169017605
1179,VHL11989,6.72178675786668
1180,VHL19813,14.519844739159016
1181,VHL15869,4.082428046725363
1182,VHL13464,7.819847570410215
1183,VHL14974,7.773409907187286
1184,VHL13446,5.828861807811755
1185,VHL11326,26.829471263438435
1186,VHL12561,9.484942155298965
1187,VHL12421,12.99875928362027
1188,VHL15061,14.88917109543716
1189,VHL16174,10.535425045688921
1190,VHL14500,10.45234847703898
1191,VHL16937,6.366549668963587
1192,VHL13576,39.47509445305348
1193,VHL12458,14.387464744035839
1194,VHL11965,23.13537353736424
1195,VHL11890,13.829516296929631
1196,VHL14930,26.95332182973005
1197,VHL16445,-0.5788471241750561
1198,VHL11308,2.7333736067545114
1199,VHL17652,4.379536706574172
1200,VHL13004,13.074707211708137
1201,VHL10262,10.444182474105961
1202,VHL13111,15.663445109437342
1203,VHL13568,15.870463175486812
1204,VHL12606,4.420758033543311
1205,VHL15786,5.457247946074087
1206,VHL11054,9.59831552578055
1207,VHL15167,10.856864912487806
1208,VHL14716,7.085624400883712
1209,VHL11763,13.164913604235355
1210,VHL17885,6.99992563092493
1211,VHL16048,7.924267264188408
1212,VHL17032,23.273467354113173
1213,VHL10344,1.1439005908495754
1214,VHL13463,12.903788607975518
1215,VHL12903,11.096497574771464
1216,VHL14551,9.423903080101073
1217,VHL14763,5.522179000687444
1218,VHL19270,3.0506166949256963
1219,VHL12817,12.709874415756609
1220,VHL18354,-1.2824724944074304
1221,VHL12185,6.1527565992717905
1222,VHL14983,12.40800328058851
1223,VHL15530,32.726895557117444
1224,VHL15827,8.046213665425068
1225,VHL14886,12.681643957075753
1226,VHL17643,-5.231382284000092
1227,VHL16987,10.24518947214499
1228,VHL14294,30.017936472947056
1229,VHL16175,8.574463223103022
1230,VHL18639,6.754771415590291
1231,VHL13640,7.646912293756957
1232,VHL17895,12.207677330027703
1233,VHL19307,5.272465871837235
1234,VHL19436,12.338376841925918
1235,VHL19809,22.694252654089663
1236,VHL10638,4.539825285142784
1237,VHL13859,15.751273658850714
1238,VHL11640,11.990052501666884
1239,VHL13661,23.76682943148509
1240,VHL15523,0.775735570306761
1241,VHL12838,10.60628255729392
1242,VHL11312,46.11194487462753
1243,VHL12699,8.507818249113116
1244,VHL14640,23.673527660576163
1245,VHL17666,5.770930167207674
1246,VHL14903,9.513881369200003
1247,VHL13835,5.758468577159661
1248,VHL15635,9.174861008265646
1249,VHL19827,2.771068989578542
1250,VHL14808,11.703224532294467
1251,VHL16208,19.691780073029868
1252,VHL18605,8.971777841751745
1253,VHL19751,10.203743981647659
1254,VHL17664,3.7206401357345515
1255,VHL12588,16.577475713407225
1256,VHL17702,11.406453152878765
1257,VHL10842,22.955825746722283
1258,VHL19609,11.258252543400644
1259,VHL12767,14.969843784469893
1260,VHL13680,11.398267144193008
1261,VHL13507,9.655168851412556
1262,VHL16160,1.1225531308595393
1263,VHL13555,0.12265199776214608
1264,VHL18088,18.137767563134844
1265,VHL16428,12.15937749375185
1266,VHL11278,8.8511955712786
1267,VHL17567,4.219678718077054
1268,VHL16715,21.185871973523525
1269,VHL15486,14.565962390244136
1270,VHL10286,21.07240937359689
1271,VHL13344,7.896934389958496
1272,VHL17544,20.24099127271591
1273,VHL12579,12.913757425129937
1274,VHL19966,1.3920476049474522
1275,VHL12989,15.834488568021753
1276,VHL18968,7.7248740631020345
1277,VHL16423,14.167603517245706
1278,VHL15852,13.722834183238403
1279,VHL16298,11.176175771811584
1280,VHL13399,13.588184196841425
1281,VHL11381,1.5602307115943321
1282,VHL18329,18.97732624395046
1283,VHL13335,8.59333602490543
1284,VHL11885,4.502563596099735
1285,VHL19284,8.431333986976233
1286,VHL12612,5.022870608130837
1287,VHL15522,14.874680981860035
1288,VHL16059,8.917000554630222
1289,VHL10388,25.905923561259712
1290,VHL10025,11.014392314938647
1291,VHL14629,8.296037993819048
1292,VHL10790,18.69602686362372
1293,VHL17966,7.994017573932238
1294,VHL12843,15.274534955828097
1295,VHL11996,21.386447814138304
1296,VHL15688,23.31091768637783
1297,VHL13110,10.947566075143559
1298,VHL19865,8.850512421750944
1299,VHL13379,1.7838344088006606
1300,VHL18639,10.771821060113297
1301,VHL16928,-0.10521284467790659
1302,VHL11725,14.561633974856264
1303,VHL11355,2.6510016925185105
1304,VHL17560,3.063269042472435
1305,VHL11885,26.594700339867288
1306,VHL12995,22.180888242150758
1307,VHL11751,4.040681752178905
1308,VHL14633,30.35291049854655
1309,VHL16853,20.26666894275769
1310,VHL14501,15.943851272240384
1311,VHL13938,34.40145860280087
1312,VHL12329,6.103295977973122
1313,VHL10067,1.8235588152017304
1314,VHL19818,10.987325640262503
1315,VHL12785,4.93667907705658
1316,VHL13874,8.160586049433412
1317,VHL18142,7.063549343575803
1318,VHL14855,18.550022776468573
1319,VHL12147,12.362177008152013
1320,VHL15256,26.68103345430218
1321,VHL13751,3.0714444989413523
1322,VHL17863,26.757627206305816
1323,VHL13981,12.753303189845717
1324,VHL18916,2.2444329604815163
1325,VHL19492,3.3719561566812075
1326,VHL16004,7.076998984687929
1327,VHL15913,7.4206527785652305
1328,VHL16871,5.610417935758116
1329,VHL11388,11.536973609951705
1330,VHL15019,20.305531180068996
1331,VHL11934,11.326289358091152
1332,VHL19784,4.471357501835394
1333,VHL12593,12.473120193485911
1334,VHL15836,5.0159048008884675
1335,VHL17034,4.828714144607601
1336,VHL14607,8.358268641892407
1337,VHL17105,25.71047565415826
1338,VHL18773,4.974467859027713
1339,VHL12684,19.42073731630429
1340,VHL17154,7.486443166526494
1341,VHL10849,33.60800728425629
1342,VHL12067,5.848930807704816
1343,VHL14247,11.957342835060981
1344,VHL18581,2.331081120975497
1345,VHL18516,5.230103371707275
1346,VHL17684,23.390518201535603
1347,VHL17215,2.7009009467441105
1348,VHL15232,7.774747136872004
1349,VHL19310,5.733982399749419
1350,VHL12120,15.14085098743275
1351,VHL15455,15.741985339974498
1352,VHL10132,3.6272743798321936
1353,VHL12356,14.559208605850197
1354,VHL16995,6.607125278173983
1355,VHL15752,24.051757391160212
1356,VHL12151,6.4060262621315545
1357,VHL11902,3.147722209750519
1358,VHL17808,9.742003282301297
1359,VHL17592,9.615966679013292
1360,VHL16636,8.30987270742249
1361,VHL11497,2.3181579055347417
1362,VHL17774,21.626887998397795
1363,VHL15919,6.598452718273145
1364,VHL15172,0.007877264000419881
1365,VHL11820,10.269912725210895
1366,VHL13093,26.39161228267638
1367,VHL17445,5.772091823477087
1368,VHL18989,11.950733880829176
1369,VHL10713,11.328451286028885
1370,VHL14240,4.81789016954528
1371,VHL13501,41.2856243744089
1372,VHL18215,11.894148110546979
1373,VHL14878,15.508738306587185
1374,VHL19143,4.252600394894731
1375,VHL10173,12.29159700906522
1376,VHL16962,13.900012321738227
1377,VHL15384,6.088268084126184
1378,VHL13844,5.0159048008884675
1379,VHL11998,6.538325828955168
1380,VHL10444,7.2583354367990625
1381,VHL19655,9.488547245479522
1382,VHL18921,15.625324642542656
1383,VHL11774,5.068401429708118
1384,VHL15490,9.198895455327925
1385,VHL18694,14.03858333923355
1386,VHL10360,22.056555867134428
1387,VHL18707,22.51230694235803
1388,VHL15801,27.574276744146626
1389,VHL17931,13.991766976461003
1390,VHL16716,19.926030272475934
1391,VHL11290,4.764149961857822
1392,VHL18180,5.324951557762777
1393,VHL19935,13.838980226816027
1394,VHL16593,14.746495565474795
1395,VHL17349,26.952555080487087
1396,VHL18705,16.66438482960464
1397,VHL18527,9.57043278841501
1398,VHL18577,1.9748873800945113
1399,VHL15369,15.21489368179979
1400,VHL16140,5.341006987768916
1401,VHL11458,6.367534838796478
1402,VHL13652,18.302743723045644
1403,VHL13470,4.542125338634757
1404,VHL17609,22.58218321814345
1405,VHL16953,7.138728354924754
1406,VHL19670,2.792290252976003
1407,VHL16517,14.674570047038475
1408,VHL12631,7.2848040316707205
1409,VHL14338,-2.4337546425185104
1410,VHL13224,31.026720359593668
1411,VHL19157,8.711764366849064
1412,VHL10266,14.556785048550898
1413,VHL11597,28.818573014733484
1414,VHL16219,4.131908959057148
1415,VHL12828,4.758238139480751
1416,VHL10364,7.252505283285855
1417,VHL11875,8.015510215462928
1418,VHL10185,13.718311630735379
1419,VHL12097,9.027453220985144
1420,VHL17691,4.946288939495268
1421,VHL15092,11.474291528049578
1422,VHL11628,14.2029215626164
1423,VHL13662,15.334527675905376
1424,VHL11486,6.219429963265631
1425,VHL18373,10.056851758524363
1426,VHL16605,-2.786407410256281
1427,VHL14670,8.80321139260311
1428,VHL19579,13.78261407841312
1429,VHL15504,2.4945993106711253
1430,VHL18831,12.300663679339616
1431,VHL19404,5.63135412346255
1432,VHL11218,13.875202952479718
1433,VHL13869,23.369930978082326
1434,VHL19846,3.9769501297152963
1435,VHL11677,8.649540921308647
1436,VHL17416,29.09546098412638
1437,VHL13175,6.03139467104067
1438,VHL17965,13.685826616873763
1439,VHL19048,16.17658731880535
1440,VHL18117,11.629900114789848
1441,VHL16742,10.690740501167282
1442,VHL10339,15.518180134971686
1443,VHL14079,4.909377766228584
1444,VHL17034,3.941564847796446
1445,VHL15903,25.258687040434857
1446,VHL14643,-2.431435384131356
1447,VHL19176,15.395392050303203
1448,VHL16293,12.775929794961066
1449,VHL16573,10.995582260248435
1450,VHL10615,22.625298844314194
1451,VHL10834,7.699013734125767
1452,VHL13200,12.026122427459864
1453,VHL18949,7.768602504248894
1454,VHL14402,10.11719355006835
1455,VHL16439,10.002508051505549
1456,VHL14135,9.214813615695444
1457,VHL10015,7.8797328876353845
1458,VHL10388,8.993649774964364
1459,VHL17226,11.28282385516788
1460,VHL16884,37.536964790092604
1461,VHL18216,7.2865801474198
1462,VHL19751,4.909212167735365
1463,VHL11071,7.714205821644438
1464,VHL16489,12.969378329657893
1465,VHL12578,5.233885763757163
1466,VHL10582,5.066299755860985
1467,VHL19617,13.35977410135838
1468,VHL14437,8.25889410247854
1469,VHL11749,5.094072641441802
1470,VHL18131,14.038698503696867
1471,VHL16700,10.502749936522145
1472,VHL14166,21.842631279873554
1473,VHL19100,12.14892948496384
1474,VHL11100,21.174052273215242
1475,VHL17954,5.801466448288745
1476,VHL15065,12.90979872662692
1477,VHL14908,20.88010398786506
1478,VHL11925,15.473597727412583
1479,VHL12725,10.836580780528159
1480,VHL17558,4.151691649878481
1481,VHL12989,4.780814634795344
1482,VHL11734,3.084522794900626
1483,VHL15324,6.731483224711784
1484,VHL19720,15.672199711809638
1485,VHL17274,17.642460603040877
1486,VHL10206,17.482849150815927
1487,VHL18355,27.279827859303285
1488,VHL16634,8.208576276546943
1489,VHL15037,27.804216158142708
1490,VHL19446,11.743206863360916
1491,VHL11255,13.908425124799107
1492,VHL18968,12.787377823780137
1493,VHL17262,8.543494282895066
1494,VHL19635,0.20425505193887705
1495,VHL13636,-1.720127236228532
1496,VHL14827,10.356230349859889
1497,VHL13630,4.946663762048074
1498,VHL18929,-5.182216489276204
1499,VHL18493,6.216025172159556
1500,VHL11970,0.9558815992507403
1501,VHL18557,-0.804076568751777
1502,VHL16603,-4.378991647047982
1503,VHL10144,7.815734178742165
1504,VHL19283,5.200719155969503
1505,VHL14957,2.720749201208455
1506,VHL14521,-0.5372028366123356
1507,VHL14631,-4.459508550901001
1508,VHL10741,6.724391281085536
1509,VHL18773,-1.6912324452484935
1510,VHL15546,0.45545277569924725
1511,VHL18796,0.35664695818074676
1512,VHL16777,-1.0977989532837982
1513,VHL12667,-4.693074004644642
1514,VHL11806,4.581138552917395
1515,VHL16241,7.913328882120238
1516,VHL11602,-1.8201722377846394
1517,VHL10361,11.259934310989333
1518,VHL11563,-0.5020618735574169
1519,VHL18781,6.883041041352483
1520,VHL11605,4.593392687533189
1521,VHL17566,-2.511709524470912
1522,VHL14925,-3.473923491327935
1523,VHL17378,3.316864881402528
1524,VHL13933,6.574794903801875
1525,VHL15621,-2.4745674852121327
1526,VHL11212,-0.026280883992049198
1527,VHL17047,-2.7737462753692883
1528,VHL18495,6.689137899992453
1529,VHL11789,-4.96277496928545
1530,VHL18812,20.727901465159157
1531,VHL12003,-2.303012670828646
1532,VHL17763,6.134252560110259
1533,VHL10234,-2.7715571425180485
1534,VHL11820,5.4541094954128555
1535,VHL15612,3.282801068430468
1536,VHL16969,0.8336892262614977
1537,VHL15883,5.587084264053246
1538,VHL16910,8.350577106420008
1539,VHL15537,13.876497124594298
1540,VHL19483,2.1355635820519776
1541,VHL19061,4.3419959092723275
1542,VHL10122,-0.4087006157804258
1543,VHL18413,-2.575420299447747
1544,VHL19153,3.1207504126609127
1545,VHL16118,-1.800880314468687
1546,VHL11390,2.4170136192842153
1547,VHL15701,-6.570749201496764
1548,VHL12322,8.312048264876633
1549,VHL18493,6.071325303389565
1550,VHL18230,-3.3413326725372996
1551,VHL10567,-0.6513388471953228
1552,VHL16862,1.2607262929749519
1553,VHL12040,-1.6890448262505613
1554,VHL13506,3.205266966034748
1555,VHL13379,6.835934188291578
1556,VHL16540,11.931055980590255
1557,VHL14882,-1.251735858074397
1558,VHL16979,-10.690305646252622
1559,VHL17108,5.988776890877341
1560,VHL19862,-4.671159629297961
1561,VHL19541,27.21153294787148
1562,VHL16650,5.799457543550834
1563,VHL18976,0.34045256953262015
1564,VHL15984,8.327937605277965
1565,VHL13017,6.119431613800545
1566,VHL12807,-3.1733436109359596
1567,VHL16571,2.2990189989007983
1568,VHL18496,3.8637648489301335
1569,VHL19085,6.319364596245512
1570,VHL15655,-1.5474313062141296
1571,VHL10274,-6.914197803853816
1572,VHL17927,-2.538141192269125
1573,VHL14169,3.2058593433055296
1574,VHL10088,6.249538590991802
1575,VHL19133,-6.320961007150066
1576,VHL10124,3.221274089968926
1577,VHL17800,7.071005489974694
1578,VHL12549,17.149266168439652
1579,VHL10900,-4.701093795369174
1580,VHL16654,0.6245027973813992
1581,VHL15178,5.657557275899281
1582,VHL10370,3.4261335925559426
1583,VHL19083,6.581642945308192
1584,VHL10667,5.537701937972265
1585,VHL11177,18.189480421821525
1586,VHL19621,-0.3309905446062156
1587,VHL19834,-7.615924167851912
1588,VHL18831,4.1862054103446
1589,VHL16058,7.543764614744074
1590,VHL15327,10.488415790809531
1591,VHL10566,1.391072314596392
1592,VHL15911,-7.349395131592135
1593,VHL18703,8.916963494973029
1594,VHL19494,2.168507935250427
1595,VHL16292,-1.749430980371053
1596,VHL12417,-4.9670626315496085
1597,VHL16694,-2.864710789122441
1598,VHL16876,7.742169275625407
1599,VHL10394,-2.062529933188555
1600,VHL18192,-3.539050965753602
1601,VHL18989,4.962395061956104
1602,VHL15531,1.3186949368536331
1603,VHL19945,6.082732255673633
1604,VHL15352,0.49129697338532763
1605,VHL10470,8.29332094951987
1606,VHL12910,2.4756212325959255
1607,VHL19260,-2.987628332026937
1608,VHL18747,-2.726278094314321
1609,VHL10865,1.1562113210000473
1610,VHL10512,16.965506413482135
1611,VHL19176,3.360460193462578
1612,VHL18494,4.707608941987041
1613,VHL14953,-1.311499389585986
1614,VHL18146,0.6937874984653503
1615,VHL10753,-4.632471864659806
1616,VHL13266,-5.277003933456776
1617,VHL18142,0.21060216397334885
1618,VHL12499,-0.4988733490507302
1619,VHL11132,-1.404844922698969
1620,VHL16161,-3.3437969800230034
1621,VHL16332,6.1151535749621555
1622,VHL11947,-0.949820834431879
1623,VHL15516,10.82705639912453
1624,VHL15620,3.527661507835588
1625,VHL11334,6.473510536792901
1626,VHL14676,-4.589332678483505
1627,VHL18063,-0.3764482692716
1628,VHL11305,6.048742761815895
1629,VHL17190,-0.241902908056165
1630,VHL19509,5.291263929735849
1631,VHL13065,1.6186487246924819
1632,VHL16948,-2.802300273774016
1633,VHL18753,-3.7870985771497168
1634,VHL13306,20.168899467100506
1635,VHL11296,-0.9794950858344653
1636,VHL14799,4.333515543974924
1637,VHL16629,6.348969304763289
1638,VHL12469,-4.284973560229356
1639,VHL14725,1.9480168110523328
1640,VHL15360,-0.4848323692955492
1641,VHL12472,10.51099783696294
1642,VHL17694,-1.525654323474714
1643,VHL19367,0.8415501939612455
1644,VHL13921,-3.427974694789776
1645,VHL18424,0.0420278681386681
1646,VHL13215,4.193888645357351
1647,VHL19720,12.594999405847584
1648,VHL19474,-1.4244052994990657
1649,VHL14718,-1.626205823087187
1650,VHL13614,-2.726866247797247
1651,VHL15761,0.7794636842723581
1652,VHL15481,13.43061069304937
1653,VHL10583,2.6005230865058806
1654,VHL10999,0.8201653704138891
1655,VHL11387,1.2267802476277478
1656,VHL17201,3.3433961951756
1657,VHL11541,-1.0492532011846278
1658,VHL11491,-1.4823668939263608
1659,VHL13571,8.082480292545352
1660,VHL17798,-1.8010070156763693
1661,VHL11615,4.199865007695577
1662,VHL17412,-2.3829566082517863
1663,VHL17680,4.401547835060126
1664,VHL13091,0.7644454794216298
1665,VHL13434,8.739756398359315
1666,VHL15052,2.862140640660184
1667,VHL11742,5.1199758556144825
1668,VHL11925,5.517693310635842
1669,VHL12016,5.4587120393558095
1670,VHL17513,7.875566806575187
1671,VHL10564,-1.3843119347799848
1672,VHL14087,15.558781968193028
1673,VHL18246,3.9679010502755765
1674,VHL10468,-3.207986159687485
1675,VHL18823,-2.914377146588294
1676,VHL10264,-1.4683512360768085
1677,VHL15285,-3.6844990804446547
1678,VHL16403,0.7029521374623688
1679,VHL14260,-0.7239755452572623
1680,VHL16390,20.248907975670043
1681,VHL14383,6.40320891313318
1682,VHL12924,9.078427348232456
1683,VHL16793,0.7420135697325443
1684,VHL19286,-6.441938672988468
1685,VHL11692,-3.8388098439700276
1686,VHL19565,6.375709821405719
1687,VHL12271,18.84535642668332
1688,VHL16387,7.366440925249671
1689,VHL10067,14.99554696567596
1690,VHL11055,8.123718087600096
1691,VHL16282,10.382033979195496
1692,VHL10373,7.575111581493828
1693,VHL13130,3.402911220548093
1694,VHL14791,-0.7515341962251081
1695,VHL17669,-3.2948085966934806
1696,VHL10245,-1.008077224432368
1697,VHL13394,-4.040585693765893
1698,VHL13369,-2.3397668084847107
1699,VHL12230,-2.4631689491980078
1700,VHL15024,-0.23606284824541657
1701,VHL15401,3.5880683614248565
1702,VHL17830,4.663267147899968
1703,VHL16594,4.169548716245912
1704,VHL13400,4.406730434408381
1705,VHL13413,-2.2522658624212175
1706,VHL11338,0.20068415369626935
1707,VHL12928,-1.7411059080880436
1708,VHL14141,7.016566177257691
1709,VHL13196,-2.4513449021721145
1710,VHL17193,-5.237322420035495
1711,VHL13848,4.240484414526149
1712,VHL15690,5.91195961522385
1713,VHL14292,3.1871110356752794
1714,VHL10249,8.651639446850139
1715,VHL16684,-4.076437887338827
1716,VHL13663,1.530312234369521
1717,VHL16780,10.280570061555602
1718,VHL15195,1.7586552920456597
1719,VHL19709,3.967039615740202
1720,VHL16300,-5.875929816840669
1721,VHL18402,-6.3667890179937165
1722,VHL10408,-1.6588645255836632
1723,VHL17856,-2.6092223349100587
1724,VHL12909,-0.8331972278479411
1725,VHL17579,4.890440139348495
1726,VHL14360,1.2550780665396921
1727,VHL16170,1.5670038298812325
1728,VHL11625,-0.6191595649377812
1729,VHL10141,2.557310874079916
1730,VHL13372,-1.1885727962606785
1731,VHL10702,7.00333021842237
1732,VHL10168,2.7286745669652084
1733,VHL17506,-1.9883997155002886
1734,VHL19811,-4.274196746640416
1735,VHL18898,1.340645645652435
1736,VHL14976,-5.3389202795771125
1737,VHL19528,2.167677316679595
1738,VHL14747,6.307579845629956
1739,VHL12298,-4.3220258337633375
1740,VHL12897,4.519971340057461
1741,VHL14501,0.7135257483920721
1742,VHL19230,-3.1194521790381478
1743,VHL17122,14.370633566564589
1744,VHL13093,-3.113720992930874
1745,VHL13713,3.645118118615317
1746,VHL10827,1.4732792145921656
1747,VHL14671,-3.3523586499993314
1748,VHL19953,1.4957871321514444
1749,VHL14674,17.545487907973985
1750,VHL19651,13.367078516138802
1751,VHL14860,-7.54862494608925
1752,VHL15452,1.7040055576399724
1753,VHL11031,8.991190431315307
1754,VHL16763,5.664706003056242
1755,VHL13764,-1.2231789960011006
1756,VHL12562,-2.3543050626608477
1757,VHL11827,-1.8620011415053557
1758,VHL13929,11.125103203281517
1759,VHL10039,-2.481261594273693
1760,VHL15009,9.879510601745675
1761,VHL13821,6.100713827168296
1762,VHL14348,5.752036340250172
1763,VHL16840,3.454022878145139
1764,VHL12002,9.956239636106979
1765,VHL10237,3.8552478181861507
1766,VHL18738,2.343341339760064
1767,VHL10568,0.16259932706694835
1768,VHL19355,2.9563726551911365
1769,VHL16226,7.43043945727741
1770,VHL16719,8.749799317512224
1771,VHL14548,-20.17288593358862
1772,VHL16912,4.026132979508568
1773,VHL19505,2.7004365671738517
1774,VHL16442,3.4177768063681
1775,VHL16825,-0.5559478569376592
1776,VHL12658,1.1298155642708734
1777,VHL12481,1.8169350544251865
1778,VHL18658,5.264994309721198
1779,VHL15493,8.82382341826116
1780,VHL12577,1.80241079176544
1781,VHL13844,-5.463108421206833
1782,VHL12544,1.237792871033816
1783,VHL14450,0.5447161171998762
1784,VHL16818,8.027601447248552
1785,VHL18694,3.221825065838135
1786,VHL13597,6.366590332549121
1787,VHL15898,1.1385444473114643
1788,VHL18680,-2.99932451135501
1789,VHL12465,2.5678508017786728
1790,VHL12148,1.713894442813391
1791,VHL19876,3.441180885031776
1792,VHL19612,-0.978832125672882
1793,VHL18169,-0.5918157493167482
1794,VHL13267,-0.3718771209591769
1795,VHL14640,-2.5686948869549595
1796,VHL15593,-1.3191930619681491
1797,VHL16387,13.877878937301334
1798,VHL13148,1.5844411425946223
1799,VHL11142,-2.3176232571020656
1800,VHL18659,8.633090786039261
1801,VHL13899,4.1787124849661
1802,VHL18985,0.8017168808459791
1803,VHL17250,0.18618760261105427
1804,VHL17539,-0.7349914879551402
1805,VHL18609,-1.2240286412031063
1806,VHL11948,5.314276346340717
1807,VHL11525,-6.548075565228221
1808,VHL12806,0.27671676672846646
1809,VHL19564,-2.2583951178635444
1810,VHL19054,6.592680769550577
1811,VHL18679,-1.0450590626769714
1812,VHL19665,4.176633518126684
1813,VHL12463,7.139275856722118
1814,VHL10753,7.510670701844221
1815,VHL11312,-3.6856441401368962
1816,VHL12620,1.9576051590072714
1817,VHL17592,5.454425445341703
1818,VHL11746,7.474161229504194
1819,VHL14332,-1.0260897597628453
1820,VHL19959,3.394407443367971
1821,VHL16741,5.4635401624019915
1822,VHL10763,3.095315871492389
1823,VHL17541,13.637358484227054
1824,VHL11701,11.024267869595644
1825,VHL10194,8.396890180853857
1826,VHL13479,-2.246644602664743
1827,VHL15975,14.451404490562185
1828,VHL10231,2.5605145115012142
1829,VHL18446,3.8825142452985872
1830,VHL19365,1.3840207175312296
1831,VHL12815,-7.303967270958149
1832,VHL17210,5.632962927649188
1833,VHL14273,1.185305320722764
1834,VHL16001,8.07238134279152
1835,VHL17232,-5.229697712938245
1836,VHL17877,0.7101822328730671
1837,VHL13772,4.143337398496059
1838,VHL14502,-7.2333866444483
1839,VHL12140,11.117544171296968
1840,VHL12267,4.900449351109338
1841,VHL18736,0.3183538318519994
1842,VHL17988,2.2300549495094373
1843,VHL11233,-9.590865497293272
1844,VHL18205,-7.925243916441065
1845,VHL17229,1.8704309881287902
1846,VHL12503,-1.5841479863997572
1847,VHL16555,-2.5808096927846824
1848,VHL11608,14.387863565096943
1849,VHL13099,0.2851065593349058
1850,VHL10464,7.71198234169718
1851,VHL13660,0.212779988461965
1852,VHL15246,7.748204862561859
1853,VHL18351,8.209403954074453
1854,VHL14567,-2.386727918672866
1855,VHL18076,7.976811193742473
1856,VHL15135,-7.629826334747181
1857,VHL14661,-3.152235689605814
1858,VHL13468,-3.3775630968799635
1859,VHL18899,5.87423782614725
1860,VHL10051,-1.2168580730497998
1861,VHL12127,-0.6329792385359672
1862,VHL12196,10.045328346298286
1863,VHL17014,1.0569070467859119
1864,VHL11559,-2.5446223987325354
1865,VHL10059,-0.5462875280994632
1866,VHL15739,-0.11447808064485576
1867,VHL14808,-1.0808635513940037
1868,VHL15611,2.3313602593642435
1869,VHL14636,-2.6269817237707414
1870,VHL11570,-6.294955918083933
1871,VHL16463,8.676109476366276
1872,VHL16394,4.585976775948823
1873,VHL13693,-2.49642728613294
1874,VHL12291,3.744266851730739
1875,VHL15561,-5.356093686737913
1876,VHL19493,-0.45663520035628924
1877,VHL12756,-8.460738934245363
1878,VHL10950,-2.4797211043272203
1879,VHL16866,6.868605983095727
1880,VHL12609,-6.811460023203956
1881,VHL12574,2.298772862436789
1882,VHL17135,-1.1883724157396567
1883,VHL13752,-2.589018757661283
1884,VHL13546,8.841227078719015
1885,VHL11097,-1.0560693370117225
1886,VHL18181,8.846319807879853
1887,VHL10940,6.69745344852436
1888,VHL16905,2.2041064791042584
1889,VHL19185,-0.4564581375231649
1890,VHL10923,-5.986488503904814
1891,VHL18309,0.49111017719641925
1892,VHL19349,6.584925112780327
1893,VHL13590,8.595887616343251
1894,VHL20000,-8.413377616438071
1895,VHL12384,5.915330052072618
1896,VHL13167,7.71827699528853
1897,VHL18928,10.023321436158962
1898,VHL11333,-5.744175060901688
1899,VHL18531,3.7927492048498617
1900,VHL19725,5.038046042325715
1901,VHL13535,8.068463346089036
1902,VHL15299,-1.3180826857626107
1903,VHL19132,-6.422633997065218
1904,VHL19736,-2.804011684788534
1905,VHL11914,-1.9305084338251586
1906,VHL14981,-4.543992114997137
1907,VHL11507,8.465592447963903
1908,VHL18768,7.512587313952494
1909,VHL13208,-3.597447980246792
1910,VHL17200,6.09196396616482
1911,VHL19398,-0.6483603153468356
1912,VHL10666,4.95634616641901
1913,VHL12919,3.159372182357462
1914,VHL17972,-0.578071786475669
1915,VHL10315,-2.2846854733080266
1916,VHL13868,5.311784034786768
1917,VHL16268,4.49116805778789
1918,VHL15979,-2.42855032325787
1919,VHL14334,2.9921810073688073
1920,VHL19984,-4.709730822092704
1921,VHL15905,9.161110443776412
1922,VHL14849,-0.3759927901492519
1923,VHL10077,-3.0558856454695746
1924,VHL12763,0.7624472701565339
1925,VHL13814,6.378207229310779
1926,VHL18236,8.101991559093866
1927,VHL18380,-8.496402280453228
1928,VHL11075,-4.647425263899009
1929,VHL10482,-5.141395592979773
1930,VHL10117,3.85440871697694
1931,VHL13673,1.7606215969968342
1932,VHL17221,-3.705727391346812
1933,VHL11240,-2.9607636948245113
1934,VHL12562,1.5885798811551195
1935,VHL13799,-4.928183476886471
1936,VHL13466,-4.380106507417252
1937,VHL14698,5.62575835825466
1938,VHL15372,1.7986659398821971
1939,VHL13032,-1.1388005710923865
1940,VHL13600,-9.240388365965071
1941,VHL17335,1.0685489828370747
1942,VHL15519,-1.830691182923149
1943,VHL19609,-3.8383263979218025
1944,VHL12581,0.5808074447452887
1945,VHL18738,-6.891089556826007
1946,VHL15107,-8.688002748706463
1947,VHL16177,1.8830761340948436
1948,VHL11709,-4.418603549367593
1949,VHL14469,1.7451328061276823
1950,VHL13687,0.8070467365573295
1951,VHL16412,4.539981709144149
1952,VHL14864,-2.7281802928820116
1953,VHL15725,4.701137729713411
1954,VHL17141,-6.471295301786655
1955,VHL10991,15.004973082742445
1956,VHL10678,0.7699581125676751
1957,VHL13889,-4.575685803605406
1958,VHL17084,13.645249709481831
1959,VHL15443,-10.196633356123915
1960,VHL10783,-4.035192745781858
1961,VHL19744,-0.11004061591302827
1962,VHL18331,7.296535475704981
1963,VHL16307,6.114821668565271
1964,VHL18003,-3.7562319208503467
1965,VHL10838,2.428072810114975
1966,VHL13320,-3.6588647538105112
1967,VHL19953,-0.6950010870747105
1968,VHL19152,18.553619265827507
1969,VHL15913,-1.4048311215497882
1970,VHL15341,-2.3556170640069234
1971,VHL14269,2.1132571089151617
1972,VHL10263,5.019797298913416
1973,VHL10559,-1.0818790350830452
1974,VHL17221,4.637674739321657
1975,VHL12379,6.525870663885795
1976,VHL18253,16.370508387073595
1977,VHL11172,4.8482246723401925
1978,VHL17213,7.323308796008038
1979,VHL18445,0.7860654019014404
1980,VHL10808,6.780957694395799
1981,VHL13851,7.975151351772135
1982,VHL18936,3.8034610431686366
1983,VHL17750,-2.4919066936600216
1984,VHL14279,-0.5325188737981099
1985,VHL17407,-1.7393857375117587
1986,VHL17737,-3.341473709408882
1987,VHL11196,3.9594434107894076
1988,VHL10773,6.706548318229885
1989,VHL12028,1.9902720004555978
1990,VHL19833,0.7500229130430878
1991,VHL13566,2.40859106022569
1992,VHL18282,23.176286532452686
1993,VHL11015,-22.56630963806986
1994,VHL16696,6.655869895070839
1995,VHL13980,12.466023392112149
1996,VHL18337,-2.093136286654753
1997,VHL11330,16.0125639604238
1998,VHL14873,1.75823889902864
1999,VHL15435,4.749707062689987
2000,VHL13861,-7.886465553007293
2001,VHL12073,0.10944649507061843
2002,VHL15320,1.7516416525681175
2003,VHL17850,8.762124682290915
2004,VHL16757,7.938055750733357
2005,VHL15181,-0.3304048842359064
2006,VHL14613,5.76451897079435
2007,VHL17238,-0.4360207661712101
2008,VHL12083,-0.930090947572404
2009,VHL16344,0.48707648532891534
2010,VHL19413,5.765691835752797
2011,VHL17430,0.2895970292904857
2012,VHL14996,18.024771997966702
2013,VHL13423,3.0431300189442196
2014,VHL13162,-0.04181703157727723
2015,VHL14672,-8.692645770155675
2016,VHL12020,-3.687711470331181
2017,VHL16103,-2.9796967721574847
2018,VHL10650,16.881116011077218
2019,VHL15234,10.38747609880395
2020,VHL11305,0.20282721839430096
2021,VHL18180,0.5566474083398476
2022,VHL17458,2.6841999532356287
2023,VHL15835,1.379420781384464
2024,VHL17211,5.670193457273056
2025,VHL17209,-0.964528179098755
2026,VHL18693,6.074522737039572
2027,VHL18975,-0.4065324934793604
2028,VHL18976,1.5138873471447925
2029,VHL15391,-1.8146496027143395
2030,VHL13071,0.3935572403812353
2031,VHL19241,-1.8649113159304194
2032,VHL14944,1.8680258124418008
2033,VHL19128,-2.330940047564752
2034,VHL18577,-0.3668416860263135
2035,VHL15429,6.801270034842766
2036,VHL12217,3.85470787062888
2037,VHL15705,-4.184061771496218
2038,VHL19888,2.0996317748795024
2039,VHL11906,-0.6484326728394829
2040,VHL15757,-0.5721553801090269
2041,VHL11938,5.186504906048592
2042,VHL10969,0.40604477722165155
2043,VHL11777,-3.995070455099669
2044,VHL16275,19.432450684041015
2045,VHL14235,-4.184061771496218
2046,VHL10496,4.009924551824322
2047,VHL18481,-5.946282557510706
2048,VHL17185,0.5295212842725983
2049,VHL15960,-0.10377579473921195
2050,VHL11313,-4.468370229444926
2051,VHL11288,6.344720293719429
2052,VHL12337,7.527935924699275
2053,VHL14268,14.55723425439615
2054,VHL10015,-4.206232810177838
2055,VHL16136,8.2452982954482
2056,VHL17903,2.3983083502078495
2057,VHL14018,-5.145078923016605
2058,VHL17473,-5.168190087012917
2059,VHL11480,-0.3649137770764197
2060,VHL13881,-2.336436340113718
